部门名称,部门Id
肿瘤内科,162-200042388
内分泌科,162-200002245
血液病科,162-200002246
消化科,162-200002247
心血管内科,162-200002248
风湿科,162-200002249
小儿内科,162-200002250
神经内科,162-200002251
肾病科,162-200002253
呼吸科,162-200002254
皮肤科,162-200002256
中医科,162-200002257
针灸科,162-200002297
介入放射科,162-200002259
介入超声科,162-200002260
放疗科,162-200002296
肿瘤综合治疗门诊,162-200002243
肌病科,162-200002252
老年专科门诊,162-200045314
医务室,162-200041632
综合内科,162-200041644
戒烟门诊,162-200042454
小儿普通外科,162-200042100
健康管理门诊,162-200045256
骨科,162-200002269
泌尿外科,162-200002270
胸外科,162-200002272
口腔科,162-200002273
小儿外科,162-200002274
眼科,162-200002276
普通外科,162-200002277
耳鼻咽喉头颈外科,162-200002275
肝胆外科,162-200002278
心外科,162-200002279
神经外科,162-200002280
妇产科,162-200002281
麻醉科,162-200002282
疼痛治疗门诊,162-200002283
血管外科,162-200002284
整形修复科,162-200002285
胃肠肿瘤外科,162-200002263
乳腺肿瘤外科,162-200002266
肝胆胰肿瘤外科,162-200002265
小儿骨科,162-200002244
免疫学,162-200002241
放射诊断科介入,162-200002289
病理科,162-200002293
超声诊断科,162-200002292
核医学科,162-200002291
康复医学中心,162-200002295
激光科,162-200002294
医学心理科,162-200002258
营养科,162-200002298
高压氧治疗中心,162-200002300
输血科,162-200002299
高血压门诊,162-200002261
微循环,162-200002242
创面治疗中心,162-200002303
发热门诊,162-200002302
急诊科,162-200002301
男科,162-200002271
呼吸内科,12-200004205
内分泌内科,12-200004214
神经内科,12-200004217
肾内,12-200004219
消化内科,12-200004227
心血管内科,12-200004231
血液内科,12-200004232
风湿免疫,12-200004199
抗感染科,12-200004208
感染疾病科,12-200004203
中医中西医结合科,12-200004235
心理门诊,12-200004228
康复医学科,12-200004224
普通外科,12-200004216
骨科,12-200004202
泌尿外科,12-200004211
泌四门诊,12-200004212
心脏外科,12-200004230
胸外科,12-200004229
神经外科,12-200004218
介入血管外科,12-200004207
整形烧伤门诊,12-200004234
放射治疗科,12-200004200
外科肿瘤门诊,12-200004222
产科门诊,12-200004194
妇科门诊,12-200004197
生殖与遗传中心,12-200004220
康复医学妇儿,12-200004223
儿科门诊,12-200004196
小儿外科门诊,12-200004225
眼科,12-200004233
小儿眼科,12-200004226
耳鼻喉科门诊,12-200004195
口腔科,12-200004209
皮肤、性病科,12-200004215
核医学科门诊,12-200004206
临床营养科,12-200004210
全科医疗科门诊,12-200043064
MDT(多学科)门诊 ,12-200040150
干部门诊,12-200004201
化疗门诊,12-200004204
放疗门诊,12-200004198
疼痛门诊,12-200004221
精神科门诊,120-200042032
整形外科门诊,120-200044342
口腔科门诊（老院）,120-200040152
老年科门诊,120-200044340
男科门诊,120-200044338
心理医学科门诊,120-200044336
肝胆外科门诊,120-200044334
输血科(新院）,120-200044344
肠道门诊,120-200000953
骨科门诊,120-200000926
麻醉科门诊,120-200000916
胸外科门诊,120-200000914
口腔科门诊（新院）,120-200000935
内分泌科门诊,120-200000911
腔镜外科门诊,120-200000942
皮科门诊,120-200000937
发热门诊,120-200000952
儿科门诊,120-200000932
疼痛科门诊,120-200000917
心脏中心血管外科门诊,120-200000946
眼科门诊（新院）,120-200000933
老院门诊,120-200000940
消化内科门诊,120-200000907
胃肠外科门诊,120-200000941
骨肿瘤科门诊,120-200000924
血液科门诊,120-200000950
儿科急诊诊室,120-200000923
康复医学科门诊,120-200000939
心脏中心心外科门诊,120-200000945
骨关节科门诊,120-200000928
急诊外科门诊,120-200000920
神经内科门诊,120-200000918
普通外科门诊,120-200000912
放疗科门诊,120-200000936
肾内科门诊,120-200000910
计划生育门诊,120-200000931
肝病门诊（新院）,120-200000951
神经外科急诊,120-200000921
创伤骨科门诊,120-200000927
急诊内科诊室,120-200000919
心脏中心心内科门诊（新院）,120-200000944
泌尿外科门诊新院,120-200000913
耳鼻喉科门诊,120-200000934
呼吸内科门诊,120-200000908
产科门诊,120-200000930
中医科门诊,120-200000938
神经外科门诊,120-200000915
脊柱外科门诊,120-200000925
核医学科其他,120-200000948
核医学科门诊,120-200000949
乳腺外科门诊,120-200000943
耳鼻喉科急诊,120-200000922
风湿免疫科门诊,120-200000909
妇科门诊,120-200000929
医疗美容科门诊,120-200000947
肿瘤放疗门诊-肿瘤射波刀治疗,142-200041504
肾内门诊-妊娠肾病,142-200045096
神经科门诊-运动神经元病门诊,142-200045112
神经科门诊（特需）-运动神经元病门诊,142-200045122
心血管科门诊-房颤抗凝门诊,142-200041540
心血管科门诊-妊娠高血压门诊,142-200045124
心血管科门诊（特需）-术前心血管风险评估门诊,142-200045126
风湿免疫门诊,142-200039514
肝炎门诊,142-200039520
呼吸门诊,142-200039530
呼吸门诊（特需）-肺部疑难疾病门诊,142-200039532
风湿免疫门诊-免疫相关性不良妊娠专病门诊,142-200042376
内分泌门诊,142-200039564
内分泌门诊(特需),142-200039566
皮肤科门诊,142-200039568
皮肤科门诊（特需）,142-200039570
神经科门诊,142-200039574
肾内门诊,142-200039578
肾内门诊（特需）,142-200039580
消化科门诊,142-200039584
消化科门诊（特需）,142-200039586
心血管科门诊（特需）,142-200039590
血液病门诊,142-200039596
职业病门诊,142-200039606
肿瘤放疗门诊,142-200039612
肿瘤化疗与放射病门诊,142-200039614
呼吸门诊（特需）,142-200039620
神经科门诊-认知障碍,142-200044742
肿瘤化疗与放射病门诊-肿瘤靶向治疗及化疗,142-200041442
内分泌门诊-肥胖与减肥专科门诊,142-200039658
神经科门诊-神经肌肉疾病呼吸管理专病,142-200041454
呼吸门诊-慢性阻塞性肺病（COPD)门诊,142-200001587
呼吸门诊-肺癌专科门诊,142-200001588
呼吸门诊-肺癌排查门诊,142-200001589
呼吸门诊-鼾症(睡眠呼吸疾病）门诊,142-200001586
心血管科门诊,142-200039588
心血管科门诊-心脏康复门诊,142-200039670
心血管科门诊-冠心病介入随访门诊,142-200001577
心血管科门诊-心力衰竭门诊,142-200001581
心血管科门诊-房颤门诊,142-200001580
心血管科门诊-起搏器随访门诊,142-200001578
心血管科门诊-高血压门诊,142-200001579
皮肤科门诊-皮肤肿瘤,142-200001649
皮肤科门诊-银屑病专业门诊,142-200001650
神经科门诊-帕金森病专业门诊,142-200001667
神经科门诊-痴呆门诊,142-200001668
神经科门诊-睡眠障碍门诊,142-200001665
神经科门诊-神经病理性疼痛门诊,142-200001664
神经科门诊-神经肌肉病,142-200001669
神经科门诊-脑血管病门诊,142-200001666
神经科门诊（特需）,142-200039634
老年病内科门诊,142-200039624
老年病内科门诊1,142-200039648
老年病内科门诊2,142-200039650
老年病内科门诊-神经康复,142-200001625
老年病内科门诊-神经系统疾病门诊,142-200001626
老年病内科门诊-骨质疏松、骨关节病门诊,142-200001624
职业病门诊（特需）,142-200039638
肾内门诊-慢性肾脏病、IGA肾病,142-200001594
血液门诊（特需）,142-200039672
风湿免疫门诊-痛风门诊,142-200001599
风湿免疫门诊-类风湿关节炎专病门诊,142-200001598
风湿免疫门诊（特需）,142-200039642
耳鼻喉科门诊,142-200039510
耳鼻喉科门诊(特需),142-200039512
耳鼻喉科门诊-鼾症专业门诊,142-200045282
耳鼻喉科门诊-中耳炎专业门诊,142-200001677
耳鼻喉科门诊-咽鼓管功能障碍门诊,142-200001678
耳鼻喉科门诊-耳聋基因筛查专业门诊,142-200001676
耳鼻喉科门诊-鼻科专病,142-200001675
针灸门诊,142-200039604
中医科门诊,142-200039608
中医科门诊（特需）,142-200039610
妇科门诊,142-200039516
妇科门诊（特需）,142-200039518
计划生育门诊,142-200039534
男科,142-200039562
妇科门诊-盆底疾病专业门诊,142-200041664
产科门诊-双胎门诊,142-200044768
产科门诊,142-200039484
产科门诊-营养专科门诊,142-200001634
产科门诊（特需）,142-200039486
妇科门诊-慢性盆腔痛门诊,142-200001630
妇科门诊-更年期专科门诊,142-200001629
妇科门诊-术后复查,142-200001631
妇科门诊-肿瘤患者随访门诊,142-200001632
妇科门诊-阴道镜门诊,142-200001628
生殖医学中心,142-200001693
计划生育(特需),142-200039644
眼科门诊,142-200039598
眼科门诊（特需）,142-200039600
眼科门诊-眼视光中心,142-200041668
口腔科（特需）-正畸专业,142-200044626
口腔科门诊-牙周专业,142-200043116
口腔科（特需）,142-200039540
口腔科门诊,142-200039542
口腔科（特需）,142-200042386
口腔科门诊-牙体牙髓专业,142-200041196
口腔科门诊-正畸专业,142-200041198
口腔科门诊-口腔治疗号1,142-200001644
口腔科门诊-口腔镶牙号1,142-200001645
口腔科门诊-口腔镶牙号2,142-200001646
儿科门诊,142-200039508
儿科门诊（特需）,142-200039618
危重医学科门诊-临床营养门诊,142-200044332
成形科门诊-乳房整形与再造门诊,142-200043066
成形科门诊-易性症综合治疗门诊,142-200043068
普外门诊-外科换药,142-200045140
肛肠科门诊（特需）,142-200039770
肛肠门诊,142-200039522
介入血管外科门诊-疑难伤口门诊,142-200045154
骨科门诊,142-200039524
介入血管外科门诊-静脉曲张微创治疗,142-200039780
普外门诊-造口门诊,142-200045156
骨科门诊（特需）,142-200039526
成形科门诊-上睑下垂及眼睑畸形门诊,142-200043110
骨质疏松门诊,142-200039528
成形科门诊-耳鼻畸形门诊,142-200043112
成形科门诊-唇裂及唇裂鼻畸形门诊,142-200043114
泌尿外科门诊-前列腺癌特病门诊,142-200041068
介入血管外科门诊,142-200039536
成形科门诊-疑难创面门诊,142-200043120
康复医学中心,142-200039538
普外门诊-结肠肿瘤术后复查门诊,142-200043128
泌尿外科门诊,142-200039550
泌尿外科门诊(特需),142-200039552
成形科门诊-体表肿物专病门诊,142-200042382
普外门诊,142-200039572
神经外科门诊,142-200039576
疼痛门诊,142-200039582
心脏外科门诊,142-200039592
胸外科门诊,142-200039594
运动医学门诊,142-200039602
康复医学门诊(特需),142-200039622
泌尿外科门诊-肾癌复查门诊,142-200039626
普外门诊-胃肠专业门诊,142-200039628
普外门诊-胆道专业门诊,142-200039630
普外门诊（特需）,142-200039632
神经外科门诊(特需),142-200039636
普外门诊-肝胰专业门诊,142-200039660
疼痛科门诊（特需）,142-200039662
介入血管门诊（特需）,142-200039646
康复医学中心-痴呆康复专科门诊,142-200001723
成形科门诊,142-200039488
成形科门诊-瘢痕门诊,142-200001654
成形科门诊-血管瘤专病门诊,142-200001653
普外门诊-减肥及糖尿病外科,142-200001603
普外门诊-神经内分泌肿瘤、甲状腺,142-200001602
泌尿外科门诊-尿失禁专业门诊,142-200001611
泌尿外科门诊-结石专业门诊,142-200001613
泌尿外科门诊-肾移植门诊,142-200001610
泌尿外科门诊-肿瘤专业门诊,142-200001612
运动医学门诊（特需）,142-200039674
美容成形,142-200039544
美容皮科,142-200039546
美容中医中心,142-200039548
美容成形-微创整形美容,142-200042378
口腔科二诊区-口腔镶牙号1,142-200001721
美容口腔,142-200001720
美容成形-瘢痕门诊,142-200001717
第二门诊部儿科,142-200039490
第二门诊部耳鼻喉科,142-200039492
第二门诊部妇科,142-200039494
第二门诊部口腔科,142-200039496
第二门诊部内科,142-200039498
第二门诊部皮肤科,142-200039500
第二门诊部心血管科,142-200039756
第二门诊部外科,142-200039502
第二门诊部针灸科,142-200039504
第二门诊部中医科,142-200039506
第二门诊部眼科,142-200039616
第二门诊部内分泌科,142-200001681
第二门诊部神经科,142-200039640
南区耳鼻喉科,142-200039758
南区骨科,142-200039760
南区消化内科,142-200039762
南区眼科,142-200039764
南区肛肠科,142-200039768
南区康复科,142-200039774
南区泌尿科,142-200039776
南区肿瘤科,142-200039778
南区风湿免疫科,142-200039554
南区口腔科,142-200039556
南区老年内科,142-200039558
南区神经科,142-200039560
南区中医科,142-200039912
南区内分泌科,142-200039666
南区内科,142-200001695
南区口腔修复科,142-200001711
南区呼吸内科,142-200039652
南区妇科,142-200039664
南区心血管内科,142-200039656
南区皮肤科,142-200039654
南区肾内科,142-200039668
特需胰胃门诊,3-200042102
特需结直肠门诊,3-200042104
特需胸外门诊,3-200042106
特需核医学门诊,3-200042108
特需内科门诊,3-200042366
特需肝胆门诊,3-200042112
特需乳腺门诊,3-200042368
特需妇科门诊,3-200042490
特需神外门诊,3-200039976
特需中医门诊,3-200039480
特需介入门诊,3-200041414
特需胸放门诊,3-200041416
特需诊断门诊,3-200041552
头门,3-200000002
神经外科门诊,3-200000004
头放门诊,3-200000013
胸门,3-200000005
胸放门诊,3-200000014
腹内门诊,3-200042210
胰胃外科门诊,3-200000008
肝胆外科门诊,3-200000007
骨科门诊,3-200000010
泌外门诊,3-200000011
结直肠外科门诊,3-200000018
腹放门诊,3-200000015
乳腺内门,3-200045290
乳腺放疗,3-200045292
乳腺门诊,3-200000009
妇科门诊,3-200000012
内科门诊,3-200000001
止痛门诊,3-200000003
中医门诊,3-200000016
介入门诊,3-200000019
核医学门诊,3-200000020
综合门诊,3-200000017
简易门诊,4-200042290
成人心内科,4-200000025
成人外科,4-200000021
儿童外科,4-200000022
中医科,4-200000026
先心病介入,4-200000023
内分泌科,4-200000024
心理科,100-200042294
血液内科门诊,100-200000406
消化内科门诊,100-200000412
心血管内科门诊,100-200000413
肾内科门诊,100-200000414
内分泌内科门诊,100-200000415
呼吸内科门诊,100-200000420
普通外科门诊,100-200000402
骨外科门诊,100-200000403
泌尿外科门诊,100-200000404
胸外科门诊,100-200000405
乳腺外科门诊,100-200000429
神经内科门诊,100-200000407
神经外科门诊,100-200000401
脑血管病门诊,100-200000426
产科门诊,100-200000417
妇科门诊,100-200000416
儿科门诊,100-200000421
中医科门诊,100-200000410
皮肤科门诊,100-200000411
耳鼻喉科门诊,100-200000418
眼科门诊,100-200000419
针灸科门诊,100-200000408
按摩科门诊,100-200000409
康复疼痛科门诊,100-200000424
理疗科门诊,100-200000425
麻醉疼痛科门诊,100-200000422
脑血管急诊介入门诊,100-200000428
脑血管神经介入门诊,100-200000427
伽玛刀（研究所）,100-200000423
老年病科,100-200000430
内分泌代谢科门诊,108-200000640
全科医疗科,108-200000644
风湿免疫科门诊,108-200000626
呼吸内科门诊,108-200000633
消化内科门诊,108-200000650
神经内科门诊,108-200000646
肾内科门诊,108-200000648
血液科门诊,108-200000656
心内科1门诊,108-200043070
心内科2门诊,108-200043072
心内科3门诊,108-200043074
心内科12(1)门诊,108-200043076
心内科15门诊,108-200043078
心内科21(1)门诊,108-200043080
心内科21(2)门诊,108-200043082
心内科28门诊,108-200043084
心内科40门诊,108-200043086
ECW35门诊,108-200043088
EICU门诊,108-200043090
33门诊,108-200043092
CCU门诊,108-200043094
综合科门诊,108-200043108
心外科,108-200000653
心外科5门诊,108-200043096
心外科6门诊,108-200043098
心外科7门诊,108-200043100
心外科9门诊,108-200043102
心外科10门诊,108-200043104
心外科11门诊,108-200043106
骨科门诊,108-200000631
泌尿外科门诊,108-200000639
普外科门诊,108-200000643
神经外科门诊,108-200000647
胸外科门诊,108-200000654
血管科门诊,108-200000655
小儿心脏科门诊,108-200000651
眼科门诊,108-200000657
中医理疗科(理疗组),108-200000660
中医理疗科(中医组),108-200000659
精神心理科,108-200000635
妇产科门诊,108-200000627
高血压科门诊,108-200000629
高血压门诊,108-200000630
口腔科门诊,108-200000637
耳鼻喉科门诊,108-200000625
核医学科,108-200000632
皮肤性病科,108-200000642
普儿科门诊,108-200000624
麻醉科门诊,108-200000649
整形激光科门诊,108-200000658
妇产科(特需),108-200000618
小儿心脏科(特需),108-200000619
心内科房颤门诊(特需),108-200000620
血管科(特需),108-200000621
动脉硬化,108-200000623
营养科,108-200040160
呼吸科门诊,113-200000742
消化科门诊,113-200000743
风湿免疫、变态反应科门诊,113-200000746
内分泌科门诊,113-200000747
血液科门诊,113-200000744
肾科门诊,113-200000745
内科门诊,113-200000748
普通外科门诊,113-200000749
泌尿外科门诊,113-200000752
神经内科门诊,113-200000754
神经外科门诊,113-200000755
介入放射诊断治疗中心门诊,113-200000768
功能神经外科门诊,113-200000757
妇科门诊,113-200000759
计划生育门诊,113-200000761
产科门诊,113-200000760
耳鼻咽喉-头颈外科门诊,113-200000763
皮肤性病科门诊,113-200000765
胸科门诊,113-200000750
血管外科门诊,113-200000751
骨科门诊,113-200000753
康复科按摩门诊,113-200000769
康复科针灸门诊,113-200000770
康复科理疗门诊,113-200000771
康复医学门诊,113-200000756
眼科门诊,113-200000762
中医科门诊,113-200000766
心脏内科门诊,113-200000772
心脏外科门诊,113-200045120
核医学科,113-200000774
营养科,113-200000776
疼痛诊疗中心门诊,113-200000758
口腔科门诊,113-200000764
病理科门诊,113-200000775
放射科门诊,113-200000773
感染性疾病科门诊,113-200000767
特需血液内科门诊2,1-200041244
特需呼吸内科门诊2,1-200041246
特需心内科门诊2,1-200041542
特需肾内科门诊2,1-200041038
普通内科全科门诊,1-200043118
特需消化内科门诊2,1-200042374
特需内分泌科门诊(西院)1,1-200040886
内科门诊(西院),1-200041666
特需老年医学科门诊2,1-200044248
特需普通内科门诊1,1-200040166
内分泌科门诊(西院),1-200004002
特需内分泌科门诊2,1-200004004
肿瘤内科门诊,1-200004014
特需普通内科门诊(西院),1-200004020
内科门诊,1-200003972
老年综合门诊,1-200003973
特需老年综合门诊,1-200003974
心内科门诊,1-200003975
心内科门诊(西院),1-200003976
心内科高血压专科门诊,1-200003977
特需心内科门诊,1-200003978
肾内科门诊,1-200003979
肾内科门诊(西院),1-200003980
特需肾内科门诊,1-200003981
血液科门诊,1-200003982
血友病门诊(西院),1-200003983
特需血液内科门诊,1-200003984
感染内科门诊,1-200003985
感染内科热病门诊,1-200003986
感染内科免疫功能低下门诊,1-200003987
特需感染内科门诊,1-200003988
免疫内科门诊,1-200003989
免疫内科门诊(西院),1-200003990
特需免疫内科门诊,1-200003991
特需免疫内科门诊(西院),1-200003992
呼吸内科门诊,1-200003993
呼吸内科门诊(西院),1-200003994
戒烟门诊,1-200003995
特需呼吸内科门诊,1-200003996
消化内科门诊,1-200003997
消化内科门诊(西院),1-200003998
早期胃癌专科门诊,1-200003999
特需消化内科门诊,1-200004000
内分泌科门诊,1-200004001
特需内分泌科门诊,1-200004003
神经科门诊,1-200004005
神经科门诊(西院),1-200004006
神经内科癫痫门诊,1-200004007
头疼专科门诊,1-200004008
脑血管病专科门诊,1-200004009
特需神经科门诊2,1-200004010
痴呆与脑白质病专科门诊,1-200004011
重症肌无力专科门诊,1-200004012
肿瘤内科门诊(西院),1-200004015
特需肿瘤内科门诊1,1-200004016
特需肿瘤内科门诊(西院),1-200004017
普通内科门诊,1-200004018
普通内科门诊(西院),1-200004019
肝炎门诊,1-200004134
多发性硬化专科门诊,1-200040878
运动障碍病专科门诊,1-200040182
麻醉科门诊,1-200004057
心理医学科门诊,1-200004117
特需心理医学科门诊1,1-200004118
肠外肠内营养科门诊,1-200004120
特需肠外肠内营养科门诊,1-200004122
介入治疗门诊(放射科),1-200004123
放疗科门诊,1-200004124
放疗科门诊(西院),1-200004125
特需放疗科门诊,1-200004126
物理医学康复科门诊(西院),1-200004127
物理医学康复科门诊,1-200004129
超声介入门诊,1-200004130
核医学科门诊,1-200004131
特需核医学门诊,1-200004132
麻醉科,1-200004055
麻醉科疼痛门诊,1-200004056
特需胸外科门诊2,1-200040164
心外科门诊,1-200004051
特需基本外科门诊2,1-200004027
特需骨科门诊2,1-200004031
特需神经外科门诊2,1-200004041
特需泌尿外科门诊2,1-200004049
心外科成人门诊,1-200004052
特需心外科门诊1,1-200004053
特需心外科门诊2,1-200004054
特需肝脏外科门诊2,1-200004072
急诊科,1-200004116
外科门诊,1-200004022
基本外科门诊,1-200004023
基本外科门诊(西院),1-200004025
特需基本外科门诊1,1-200004026
骨科门诊,1-200004028
骨科门诊(西院),1-200004029
特需骨科门诊,1-200004030
胸外科门诊,1-200004032
特需胸外科门诊,1-200004033
神经外科门诊,1-200004034
神经外科门诊(西院),1-200004035
特需神经外科门诊,1-200004040
泌尿外科门诊,1-200004042
泌尿外科男科门诊,1-200004043
泌尿外科门诊(西院),1-200004044
泌尿外科男科门诊(西院),1-200004045
肾积水专科门诊,1-200004046
特需泌尿外科门诊,1-200004047
血管外科门诊,1-200004059
血管外科门诊(西院),1-200004060
动脉疾病专科门诊,1-200004061
特需血管外科门诊,1-200004062
特需血管外科门诊(西院),1-200004063
整形美容外科门诊,1-200004064
整形美容外科门诊(西院),1-200004065
特需整形外科门诊(西院),1-200004066
乳腺外科门诊,1-200004067
乳腺外科门诊(西院),1-200004068
特需乳腺外科门诊(西院)1,1-200004069
肝脏外科门诊,1-200004070
特需肝外科门诊,1-200004071
泌尿外科肾癌靶向治疗专病门诊,1-200039788
妇产科辅助生育中心,1-200004078
妇科门诊,1-200004073
妇科门诊(西院),1-200004074
特需妇科门诊,1-200004075
特需妇科门诊(西院)1,1-200004076
产科门诊,1-200004077
特需产科门诊,1-200004079
妇科内分泌门诊,1-200004080
特需妇科内分泌门诊,1-200004081
特需妇科内分泌门诊(西院),1-200004082
妇泌中心(西院),1-200004083
变态反应科门诊,1-200004094
特需变态反应科门诊,1-200004095
特需中医科门诊2,1-200041040
中医科针灸室(西院),1-200004112
中医科门诊,1-200004109
中医科针灸室,1-200004110
中医科门诊(西院),1-200004111
特需中医科门诊1,1-200004113
营养科咨询门诊,1-200004133
儿科门诊,1-200004084
特需儿科门诊,1-200004085
肾内科IGA肾病专病门诊,1-200040142
特需康复理疗门诊2,1-200004128
帕金森专病门诊,1-200004013
老年医学科门诊,1-200004021
基本外科肠造口门诊,1-200004024
疼痛门诊,1-200004036
癫痫门诊,1-200004037
神经外科垂体专病门诊,1-200004038
神经外科脊髓疾病专科门诊,1-200004039
泌尿外科泌尿结石门诊,1-200004048
泌尿外科膀胱癌专科门诊,1-200004050
特需麻醉科门诊2,1-200004058
耳聋基因筛查遗传门诊,1-200004092
特需放射科门诊1,1-200041160
肠外肠内营养科门诊(西院),1-200004121
针灸按摩室(西院),1-200004135
皮肤科白癜风副教授门诊,1-200004107
皮肤科普通皮科门诊,1-200004108
美容皮肤科门诊,1-200004119
口腔科门诊,1-200004096
口腔科门诊(西院),1-200004097
口腔科洁牙门诊,1-200004098
特需口腔外科门诊,1-200004099
口腔科特需门诊(西院),1-200004100
口腔科住院医门诊,1-200004101
皮科门诊,1-200004102
皮科门诊(西院),1-200004103
皮肤科性病门诊,1-200004104
皮科激光中心,1-200004105
特需皮肤科门诊,1-200004106
眼科门诊,1-200004086
眼科门诊(西院),1-200004087
特需眼科门诊,1-200004088
眼科糖尿病视网膜病专科,1-200004089
耳鼻喉科门诊,1-200004090
耳鼻喉科门诊(西院),1-200004091
特需耳鼻喉科门诊,1-200004093
国际医疗(妇科),1-200004114
国际医疗(心理医学科),1-200004115
肿瘤内科,162-200042388
内分泌科,162-200002245
血液病科,162-200002246
消化科,162-200002247
心血管内科,162-200002248
风湿科,162-200002249
小儿内科,162-200002250
神经内科,162-200002251
肾病科,162-200002253
呼吸科,162-200002254
皮肤科,162-200002256
中医科,162-200002257
针灸科,162-200002297
介入放射科,162-200002259
介入超声科,162-200002260
放疗科,162-200002296
肿瘤综合治疗门诊,162-200002243
肌病科,162-200002252
老年专科门诊,162-200045314
医务室,162-200041632
综合内科,162-200041644
戒烟门诊,162-200042454
小儿普通外科,162-200042100
健康管理门诊,162-200045256
骨科,162-200002269
泌尿外科,162-200002270
胸外科,162-200002272
口腔科,162-200002273
小儿外科,162-200002274
眼科,162-200002276
普通外科,162-200002277
耳鼻咽喉头颈外科,162-200002275
肝胆外科,162-200002278
心外科,162-200002279
神经外科,162-200002280
妇产科,162-200002281
麻醉科,162-200002282
疼痛治疗门诊,162-200002283
血管外科,162-200002284
整形修复科,162-200002285
胃肠肿瘤外科,162-200002263
乳腺肿瘤外科,162-200002266
肝胆胰肿瘤外科,162-200002265
小儿骨科,162-200002244
免疫学,162-200002241
放射诊断科介入,162-200002289
病理科,162-200002293
超声诊断科,162-200002292
核医学科,162-200002291
康复医学中心,162-200002295
激光科,162-200002294
医学心理科,162-200002258
营养科,162-200002298
高压氧治疗中心,162-200002300
输血科,162-200002299
高血压门诊,162-200002261
微循环,162-200002242
创面治疗中心,162-200002303
发热门诊,162-200002302
急诊科,162-200002301
男科,162-200002271
呼吸内科,12-200004205
内分泌内科,12-200004214
神经内科,12-200004217
肾内,12-200004219
消化内科,12-200004227
心血管内科,12-200004231
血液内科,12-200004232
风湿免疫,12-200004199
抗感染科,12-200004208
感染疾病科,12-200004203
中医中西医结合科,12-200004235
心理门诊,12-200004228
康复医学科,12-200004224
普通外科,12-200004216
骨科,12-200004202
泌尿外科,12-200004211
泌四门诊,12-200004212
心脏外科,12-200004230
胸外科,12-200004229
神经外科,12-200004218
介入血管外科,12-200004207
整形烧伤门诊,12-200004234
放射治疗科,12-200004200
外科肿瘤门诊,12-200004222
产科门诊,12-200004194
妇科门诊,12-200004197
生殖与遗传中心,12-200004220
康复医学妇儿,12-200004223
儿科门诊,12-200004196
小儿外科门诊,12-200004225
眼科,12-200004233
小儿眼科,12-200004226
耳鼻喉科门诊,12-200004195
口腔科,12-200004209
皮肤、性病科,12-200004215
核医学科门诊,12-200004206
临床营养科,12-200004210
全科医疗科门诊,12-200043064
MDT(多学科)门诊 ,12-200040150
干部门诊,12-200004201
化疗门诊,12-200004204
放疗门诊,12-200004198
疼痛门诊,12-200004221
简易门诊,4-200042290
成人心内科,4-200000025
成人外科,4-200000021
儿童外科,4-200000022
中医科,4-200000026
先心病介入,4-200000023
内分泌科,4-200000024
心理科,100-200042294
血液内科门诊,100-200000406
消化内科门诊,100-200000412
心血管内科门诊,100-200000413
肾内科门诊,100-200000414
内分泌内科门诊,100-200000415
呼吸内科门诊,100-200000420
普通外科门诊,100-200000402
骨外科门诊,100-200000403
泌尿外科门诊,100-200000404
胸外科门诊,100-200000405
乳腺外科门诊,100-200000429
神经内科门诊,100-200000407
神经外科门诊,100-200000401
脑血管病门诊,100-200000426
产科门诊,100-200000417
妇科门诊,100-200000416
儿科门诊,100-200000421
中医科门诊,100-200000410
皮肤科门诊,100-200000411
耳鼻喉科门诊,100-200000418
眼科门诊,100-200000419
针灸科门诊,100-200000408
按摩科门诊,100-200000409
康复疼痛科门诊,100-200000424
理疗科门诊,100-200000425
麻醉疼痛科门诊,100-200000422
脑血管急诊介入门诊,100-200000428
脑血管神经介入门诊,100-200000427
伽玛刀（研究所）,100-200000423
老年病科,100-200000430
内分泌代谢科门诊,108-200000640
全科医疗科,108-200000644
风湿免疫科门诊,108-200000626
呼吸内科门诊,108-200000633
消化内科门诊,108-200000650
神经内科门诊,108-200000646
肾内科门诊,108-200000648
血液科门诊,108-200000656
心内科1门诊,108-200043070
心内科2门诊,108-200043072
心内科3门诊,108-200043074
心内科12(1)门诊,108-200043076
心内科15门诊,108-200043078
心内科21(1)门诊,108-200043080
心内科21(2)门诊,108-200043082
心内科28门诊,108-200043084
心内科40门诊,108-200043086
ECW35门诊,108-200043088
EICU门诊,108-200043090
33门诊,108-200043092
CCU门诊,108-200043094
综合科门诊,108-200043108
心外科,108-200000653
心外科5门诊,108-200043096
心外科6门诊,108-200043098
心外科7门诊,108-200043100
心外科9门诊,108-200043102
心外科10门诊,108-200043104
心外科11门诊,108-200043106
骨科门诊,108-200000631
泌尿外科门诊,108-200000639
普外科门诊,108-200000643
神经外科门诊,108-200000647
胸外科门诊,108-200000654
血管科门诊,108-200000655
小儿心脏科门诊,108-200000651
眼科门诊,108-200000657
中医理疗科(理疗组),108-200000660
中医理疗科(中医组),108-200000659
精神心理科,108-200000635
妇产科门诊,108-200000627
高血压科门诊,108-200000629
高血压门诊,108-200000630
口腔科门诊,108-200000637
耳鼻喉科门诊,108-200000625
核医学科,108-200000632
皮肤性病科,108-200000642
普儿科门诊,108-200000624
麻醉科门诊,108-200000649
整形激光科门诊,108-200000658
妇产科(特需),108-200000618
小儿心脏科(特需),108-200000619
心内科房颤门诊(特需),108-200000620
血管科(特需),108-200000621
动脉硬化,108-200000623
营养科,108-200040160
呼吸科门诊,113-200000742
消化科门诊,113-200000743
风湿免疫、变态反应科门诊,113-200000746
内分泌科门诊,113-200000747
血液科门诊,113-200000744
肾科门诊,113-200000745
内科门诊,113-200000748
普通外科门诊,113-200000749
泌尿外科门诊,113-200000752
神经内科门诊,113-200000754
神经外科门诊,113-200000755
介入放射诊断治疗中心门诊,113-200000768
功能神经外科门诊,113-200000757
妇科门诊,113-200000759
计划生育门诊,113-200000761
产科门诊,113-200000760
耳鼻咽喉-头颈外科门诊,113-200000763
皮肤性病科门诊,113-200000765
胸科门诊,113-200000750
血管外科门诊,113-200000751
骨科门诊,113-200000753
康复科按摩门诊,113-200000769
康复科针灸门诊,113-200000770
康复科理疗门诊,113-200000771
康复医学门诊,113-200000756
眼科门诊,113-200000762
中医科门诊,113-200000766
心脏内科门诊,113-200000772
心脏外科门诊,113-200045120
核医学科,113-200000774
营养科,113-200000776
疼痛诊疗中心门诊,113-200000758
口腔科门诊,113-200000764
病理科门诊,113-200000775
放射科门诊,113-200000773
感染性疾病科门诊,113-200000767
眼肌门诊(特需),105-200045102
眼底门诊(特需),105-200041220
皮肤科门诊(西区),105-200040084
心内科门诊(西区),105-200040086
眼肿瘤门诊(特需),105-200041228
视光学门诊(东区),105-200041226
妇科门诊(西区),105-200040078
计划生育门诊(西区),105-200040080
产科门诊(西区),105-200040082
耳研所门诊(西区),105-200041200
眼整形门诊(特需),105-200045100
眼底门诊(西区),105-200041210
肿瘤门诊(西区),105-200040076
心外科门诊(西区),105-200045294
眼外伤门诊(特需),105-200041214
营养科门诊(西区),105-200040090
整形美容门诊(东区),105-200040132
耳鼻咽喉科门诊(西区),105-200040116
眼科综合门诊(特需),105-200041230
头颈外科门诊(西区),105-200041206
甲状腺中心门诊（西区）,105-200045284
青光眼门诊(特需),105-200041222
康复医学科门诊(西区),105-200040098
胸外门诊(西区),105-200039992
骨科门诊(西区),105-200040072
泌尿门诊(西区),105-200040074
神外门诊(西区),105-200040094
普外门诊(西区),105-200040118
足踝中心门诊(东区),105-200040124
鼻过敏科门诊(西区),105-200040092
眼研所门诊(特需),105-200041224
喉科门诊(西区),105-200041208
乳腺中心门诊（西区）,105-200045276
角膜门诊(特需),105-200041216
中医科门诊(西区),105-200040120
中医科门诊(东区),105-200040126
针灸科门诊(东区),105-200040128
按摩科门诊(东区),105-200040130
血液门诊(西区),105-200039982
肾内科门诊(西区),105-200039984
内分泌门诊(西区),105-200039986
呼吸门诊(西区),105-200039988
消化门诊(西区),105-200040100
风湿科门诊(西区),105-200040114
口腔门诊(西区),105-200040088
眼肌门诊(东区),105-200040144
耳科门诊(西区),105-200041204
核医学科门诊(西区),105-200045192
角膜门诊(西区),105-200041212
临床心理科门诊(西区),105-200040096
神内门诊(西区),105-200039990
眼中医门诊(特需),105-200041218
眼科综合门诊(西区),105-200040068
眼整形门诊(西区),105-200040102
青光眼门诊(西区),105-200040104
眼肿瘤门诊(西区),105-200040106
眼外伤门诊(西区),105-200040108
白内障门诊(西区),105-200040110
眼研所门诊(西区),105-200040112
眼肌门诊(西区),105-200040122
屈光中心门诊(东区),105-200040134
白内障门诊(东区),105-200040136
鼻科门诊(西区),105-200041202
内科,34-200004178
外科,34-200004180
中医科,34-200004182
耳鼻喉科门诊,34-200004183
眼科门诊,34-200004184
口腔科,34-200004185
皮科,34-200004186
血液病中心,34-200004187
心脏中心,34-200004188
特需门诊,34-200004190
神经科,34-200004191
康复科,34-200004192
口腔外科门诊,133-200001351
修复,133-200001352
牙体牙髓,133-200001345
牙体牙髓,133-200001359
正畸,133-200001348
牙周,133-200001346
儿童口腔,133-200001349
牙体牙髓,133-200001361
修复,133-200001362
牙周,133-200001360
口腔外科门诊,133-200001363
儿童口腔,133-200001364
粘膜,133-200001365
种植,133-200001350
口腔粘膜,133-200001347
牙体牙髓,133-200001355
修复,133-200001356
牙周,133-200001357
口腔外科门诊,133-200001358
牙体牙髓,133-200001353
修复,133-200001354
胸外科门诊,103-200036460
血管外科门诊,103-200036462
泌尿外科门诊,103-200036464
普通外科门诊,103-200036466
神经外科门诊,103-200036468
烧伤科门诊,103-200036472
神经内科门诊,103-200036434
心内科门诊,103-200036436
呼吸内科门诊,103-200036438
内分泌科门诊,103-200036440
消化内科门诊,103-200036442
血液科门诊,103-200036444
肾内科门诊,103-200036446
风湿免疫门诊,103-200036448
社区保健门诊,103-200036476
皮肤性病科门诊,103-200036478
眼科门诊,103-200036454
耳鼻喉门诊,103-200036456
口腔科门诊,103-200036458
脊柱外科门诊,103-200036420
骨肿瘤科门诊,103-200036422
矫形骨科门诊,103-200036424
小儿骨科门诊,103-200036426
创伤骨科门诊,103-200036428
手外科门诊,103-200036430
运动损伤科门诊,103-200036432
足踝外科门诊,103-200044730
妇产科门诊,103-200036470
中医科门诊,103-200036450
针灸科门诊,103-200036452
中医正骨科门诊,103-200036474
小儿内科门诊,256-200039786
免疫风湿门诊,256-200003850
内分泌科门诊,256-200003846
消化内科门诊,256-200003847
血液内科门诊,256-200003848
神经内科门诊,256-200003843
肾内科门诊,256-200003849
心内科门诊,256-200003844
呼吸内科门诊,256-200003845
泌尿外科门诊,256-200003830
胸外科门诊,256-200003841
神经外科门诊,256-200003840
普通外科门诊,256-200003831
血管外科,256-200003842
妇产科门诊,256-200003833
口腔科门诊,256-200003836
眼科门诊,256-200003834
耳鼻喉科门诊,256-200003835
中医科门诊,256-200003837
中医正骨科门诊,256-200003838
皮肤性病科门诊,256-200003839
中西医结合门诊,127-200042442
儿童特需门诊,127-200001109
儿童专家门诊,127-200001110
康复门诊,127-200001111
普通门诊,127-200001112
特需门诊,127-200001113
专家门诊,127-200001114
睡眠门诊,127-200001115
皮肤科,228-200003631
耳鼻喉科,228-200003629
眼科,228-200003628
妇科,228-200003627
外科,228-200003626
中医科,228-200003630
内科,228-200003625
颌面外科,228-200003632
唇腭裂中心,146-200001804
尿道下裂治疗中心,146-200001805
面颈部美容中心,146-200001806
耳整形再造二中心,146-200001807
颅颌面外科二中心,146-200001808
颅颌面外科一中心,146-200001809
耳整形再造一中心,146-200001810
乳房整形美容中心,146-200001811
烧伤整形治疗中心,146-200001812
妇科/体表肿瘤中心,146-200001813
瘢痕综合治疗中心/四肢整形再造中心,146-200001815
鼻整形再造中心,146-200040888
颌面整形中心,146-200001816
颌面整形二中心,146-200040890
微创整形外科中心,146-200001817
体形雕塑吸脂中心,146-200001818
皮肤科,146-200040894
疤痕综合治疗中心,146-200001819
瘢痕综合治疗门诊,146-200043126
面颈部整形美容二中心,146-200001820
口腔医学美容中心,146-200001821
体形雕塑与脂肪移植二中心,146-200040900
激光美容中心,146-200001824
毛发移植中心,146-200001822
注射美容中心,146-200001823
体表肿瘤治疗中心,146-200001825
主治医师门诊,146-200001826
儿科门诊,270-200043560
儿童抽动症(儿科),270-200044114
小儿消化肾脏(儿科),270-200043944
小儿内分泌门诊(儿科),270-200043696
小儿内分泌,270-200043992
儿科结石筛查,270-200044008
婴儿42天查体(儿科),270-200044010
儿科门诊(国际部),270-200043770
肠道门诊,270-200045098
哮喘门诊,270-200045158
慢性咳嗽门诊(呼吸内科),270-200045160
院士工作室预约(王辰)(国际部),270-200043982
肾病中心(净化中心)(国际部),270-200043614
营养科门诊(国际部),270-200043868
普通内科门诊(国际部),270-200043864
心脏科门诊(国际部),270-200043860
感染科(国际部),270-200043832
消化科门诊(国际部),270-200043826
(西区)血液科门诊,270-200043776
普通外科门诊(国际部),270-200043780
肥胖与三高门诊(内分泌),270-200044036
心律失常门诊(心内),270-200044040
女性心脏病(心内),270-200044044
垂体肾上腺疾病(内分泌),270-200044052
临床戒烟中心戒烟门诊,270-200043798
糖尿病健康教育(内分泌),270-200044054
神经科门诊(国际部),270-200043544
动态血糖监测胰岛素泵,270-200044058
糖尿病神经病变(内分泌),270-200044060
呼吸病门诊(国际部),270-200043806
骨质疏松,270-200044062
(西区)综合内科门诊,270-200043808
肝炎门诊,270-200044064
介入超声医学科门诊,270-200043810
戒烟门诊,270-200044066
内分泌科门诊(国际部),270-200043818
妊娠与内分泌疾病,270-200044080
心脏科门诊(特需),270-200043572
起搏器随诊门诊,270-200044090
风湿免疫科门诊(国际部),270-200043836
高血压病门诊,270-200044092
冠心病门诊,270-200044094
感染科门诊,270-200043590
呼吸困难与间质性肺病,270-200044104
(西区)内分泌科门诊,270-200043850
血液透析门诊,270-200043596
呼吸困难门诊(呼吸),270-200044108
营养科门诊,270-200043854
间质病专病(呼吸),270-200043856
肺结节与肺癌(呼吸),270-200044112
老年糖尿病管理(内分泌),270-200044116
病理科门诊,270-200043606
手术麻醉科门诊(国际部),270-200043608
心衰专病门诊(心内),270-200044120
神经科门诊(特需),270-200043866
神经肌肉病,270-200044126
甲状腺结节,270-200043872
癫痫门诊,270-200044128
睡眠障碍门诊,270-200044130
神经遗传病,270-200043876
神经免疫疾病,270-200044134
呼吸病门诊,270-200043624
神经视觉障碍,270-200044136
风湿免疫科门诊,270-200043626
肝癌、肝硬化,270-200043882
运动障碍专病,270-200044138
血脂异常动脉硬化,270-200043884
记忆减退,270-200044142
脑血管病门诊(神内),270-200044144
心理咨询门诊,270-200043634
帕金森病与运动障碍(神内),270-200043890
戒烟专病门诊,270-200043894
放射诊断科门诊,270-200043642
儿童生长发育专病门诊,270-200043898
肾病科门诊,270-200043648
慢阻肺专病门诊(呼吸),270-200043904
骨质疏松和代谢性骨病,270-200043906
超声诊断科门诊,270-200043652
内分泌科门诊,270-200043656
肝功能异常(消化),270-200044168
血液科门诊,270-200043662
内分泌遗传咨询门诊(内分),270-200043918
子宫肌瘤微创治疗专病门诊(介入),270-200043920
消化科门诊,270-200043666
慢性肾衰营养门诊(肾内科),270-200043922
(西区)呼吸病门诊,270-200043668
(西区)消化科门诊,270-200043670
(西区)神经科门诊,270-200043672
高尿酸血症和痛风(风湿),270-200043928
(西区)心脏科门诊,270-200043674
肝脏肿瘤微创治疗门诊(介入),270-200043940
呼吸病门诊(特需),270-200043686
乳腺结节微创诊疗(介入),270-200043942
内分泌科门诊(特需),270-200043688
溃疡性结肠炎(消化),270-200044714
肾性骨病(肾内科),270-200043948
胰胆疾病(消化),270-200044716
腹膜透析门诊(肾内),270-200043952
心脏科门诊,270-200043698
预防保健科门诊,270-200043700
感染门诊(感染科),270-200044212
血栓门诊(呼吸二),270-200044214
肾病科门诊(特需),270-200043704
白血病门诊(血液科),270-200043962
麻醉科(麻醉咨询),270-200044218
鼾症门诊(呼吸内科),270-200044220
普通内科门诊,270-200043710
多发性骨髓瘤(血液科),270-200043966
消化科门诊(特需),270-200043712
糖肾心脑专病,270-200044224
核医学科门诊,270-200043714
甲状腺结节微创诊疗(介入),270-200044226
遗传罕见病与运动障碍,270-200043972
放射肿瘤科门诊,270-200043718
院士工作室预约(王辰),270-200043976
肺移植肺结节专病门诊,270-200043978
早年发病糖尿病门诊(内分),270-200044238
神经科门诊,270-200043728
肾衰竭门诊(肾内),270-200044246
红斑狼疮,270-200044006
（西区）冠心病专病门诊,270-200044012
（西区）高血压病专病门诊,270-200044014
前列腺癌超声诊断(超声),270-200044020
产科门诊(国际部),270-200045318
头颈肿瘤(耳鼻喉),270-200045070
乳腺癌早期诊断(特需),270-200045108
咽喉嗓音专病门诊(耳鼻喉),270-200045146
耳聋耳鸣眩晕(耳鼻喉),270-200045148
(西区)痤疮专病门诊,270-200044756
血管瘤与血管畸形门诊,270-200044766
产科初筛(产科),270-200045300
神经外科门诊(国际部),270-200043778
癌痛门诊(疼痛科),270-200044034
耳鼻喉科门诊(国际部),270-200043782
面肌痉挛及三叉神经痛,270-200044042
眼科门诊,270-200043788
脑性瘫痪(神经外科),270-200044046
(西区)眼科门诊,270-200043792
大隐静脉曲张(心外),270-200044048
湿疹(皮肤科),270-200044050
儿童口腔,270-200043540
康复医学科门诊,270-200043542
(西区)骨科门诊,270-200043802
整形外科门诊(国际部),270-200043550
气管外科(胸外科),270-200044070
眼科门诊(国际部),270-200043816
中老年性功能障碍(泌外),270-200044072
肺癌(胸外科),270-200044074
肛肠科门诊,270-200043820
食管癌(胸外科),270-200044076
结直肠肿瘤外科(胃肠),270-200044082
胃部肿瘤(胃肠),270-200044084
牙齿美容冷光漂白,270-200043574
微创治疗,270-200044086
耳鼻喉科门诊,270-200043576
记忆障碍,270-200044088
胃肠外科门诊,270-200043838
镇痛起搏,270-200044096
(西区)综合外科门诊,270-200043586
难治性癫痫,270-200044098
肛肠科门诊(国际部),270-200043844
神经损伤,270-200044100
可编程药泵,270-200044102
(西区)口腔科门诊,270-200043592
胃食管返流病(普外一),270-200044106
下肢静脉曲张微创(心外),270-200043852
肾移植门诊(泌尿外科),270-200044110
疼痛科门诊(国际部),270-200043858
电化疗科门诊,270-200043604
普通外科门诊(特需),270-200043862
妇科美容整形(整形),270-200044118
皮肤性病科门诊(国际部),270-200043610
银屑病(皮肤科),270-200044122
骨科门诊,270-200043612
脑血管病外科专科门诊,270-200043870
(西区)康复医学科门诊,270-200043616
口腔牙体牙髓(口腔科),270-200043618
透析用血管通路门诊,270-200043874
(西区)皮肤病与性病科门诊,270-200043620
(西区)瘢痕专病门诊,270-200044132
微创手术治疗阑尾疾病,270-200043878
肥胖糖尿病减重手术,270-200043880
口腔牙周,270-200043628
乳腺病门诊(乳甲科),270-200044140
口腔修复(镶牙),270-200043630
运动损伤门诊(康复),270-200043886
疼痛门诊,270-200043632
口腔科门诊,270-200043636
乳房整形与再造专病(整形),270-200044148
(西区)乳甲外科门诊,270-200043638
中西医结合银屑病(皮肤科),270-200044150
呼吸康复专病门诊(康复),270-200043896
神经外科脊柱脊髓疾病,270-200044152
口腔正畸,270-200043646
神经眼科相关疾病,270-200044158
骨科门诊(特需),270-200043908
胶质瘤专病(神外),270-200044164
乳腺甲状腺外科(特需),270-200043654
膀胱癌,270-200043910
肝胆胰疾病(肝胆外科),270-200044166
尿石症,270-200043912
前列腺增生,270-200043914
性病门诊,270-200044172
癫痫与帕金森病(神外),270-200043664
糖尿病足专病门诊(心外),270-200044182
痤疮专病门诊(皮肤),270-200044186
胰腺疾病(联合门诊),270-200043934
颈椎病门诊(脊柱外科),270-200044192
心脏瓣膜病外科(心外科),270-200044196
腹腔镜微创疝修补(普外一),270-200044710
胃肠肿瘤专病(普外一),270-200044712
神经外科门诊(特需),270-200043690
唇腭裂门诊,270-200044202
普通外科门诊,270-200043694
乳房整形,270-200044206
耳聋耳鸣专病(耳鼻喉),270-200044724
乳腺甲状腺外科门诊,270-200043702
骨坏死中西医结合诊疗,270-200043958
关节镜微创诊疗门诊,270-200043960
泌外科门诊,270-200043706
气管肿瘤(胸外科),270-200043964
疝气(乳甲科),270-200044222
日间手术[胆囊阑尾](普四),270-200043968
结直肠癌精益治疗(普四),270-200043970
神经外科门诊,270-200043716
下肢静脉曲张(血管外科),270-200044228
贲门失弛缓间质瘤门诊,270-200043974
三叉神经痛(疼痛),270-200044232
心脏血管外科门诊,270-200043722
造口门诊(泌尿外科),270-200044234
肺移植(胸外),270-200043980
面部骨骼整形修复(整形),270-200044236
运动心肺康复门诊(康复),270-200043984
黄斑病(眼科),270-200044240
胸外科门诊,270-200043730
脊柱骨肿瘤,270-200043988
(西区)肛肠科门诊,270-200043734
整形外科门诊,270-200043738
乳腺肿物(普外一),270-200044250
胃肠肿瘤(普二),270-200043750
皮肤病与性病科门诊,270-200043754
口腔颌面外科门诊,270-200043756
胃食管反流病(普二),270-200043758
(西区)毛发专病皮肤科,270-200044016
糖尿病减重外科(普二),270-200043766
尿失禁门诊,270-200044024
前列腺癌门诊,270-200044026
心脏血管外科门诊(国际部),270-200043772
男童生殖异常,270-200044028
肝胆外科门诊,270-200043774
妇科门诊(国际部),270-200043548
(西区)妇科门诊,270-200043814
妇科门诊,270-200043834
宫颈病变、HPV感染专病,270-200043936
计划生育门诊(妇科),270-200043938
围手术期血栓门诊,270-200045104
介入超声医学科门诊(特需),270-200045136
中医慢性便秘腹泻门诊(国际部),270-200045152
(西区)内镜室,270-200045280
肾上腺病多学科联合门诊,270-200043794
帕金森病多学科联合门诊,270-200043812
整形外科门诊(特需),270-200043562
疼痛门诊(特需),270-200043570
血栓病(国际部),270-200043830
感染科门诊(特需),270-200043580
消化道肿瘤联合门诊(特需),270-200043582
帕金森及运动障碍多学科联合门诊(国际部),270-200043584
肺移植联合门诊(国际部),270-200043588
泌尿男生殖器先天疾病联合门诊(国际部),270-200043594
精准医学联合门诊(国际部),270-200043598
(西区)中医内科门诊,270-200043602
激光美容整形专病门诊,270-200044124
男科门诊(特需),270-200043622
血栓性疾病联合门诊,270-200043892
美容外科门诊,270-200043644
川崎病精准医学门诊,270-200043900
风湿免疫科门诊(特需),270-200043658
肺结节肺癌多学科联合门诊(国际部),270-200043660
月经紊乱及不孕联合门诊,270-200043924
矮小症的精准治疗,270-200043926
运动障碍神经遗传精准医学,270-200044184
甲旁亢手术联合门诊,270-200043932
脑血管病影像联合门诊,270-200044188
男科门诊,270-200043678
糖尿病与慢性气道联合门诊,270-200044190
结直肠癌多学科联合门诊,270-200044194
美容皮肤科门诊(国际部),270-200043946
运动障碍神经遗传联合门诊,270-200044216
心功能不全中西医联合门诊,270-200044230
(西区)乳腺甲状腺外科门诊,270-200044244
乳腺甲状腺专病(普二),270-200044252
前列腺诊疗联合门诊(国际部),270-200043742
美容牙科(全科),270-200043998
生殖门诊(国际部),270-200043744
美容牙科(修复),270-200044000
甲状腺肿瘤微创联合门诊(国际部),270-200043746
美容牙科(正畸),270-200044002
泌尿系肿瘤多学科联合门诊(国际部),270-200043748
美容牙科(种植),270-200044004
女性盆底疾病(国际部),270-200043752
囊肿微创治疗联合门诊(国际部),270-200043760
临床戒烟中心戒烟门诊(国际部),270-200043762
药物治疗照护门诊(国际部),270-200044018
癫痫多学科联合门诊(国际部),270-200043764
消化道肿瘤多学科联合门诊(国际部),270-200043740
慢阻肺(中医呼吸科),270-200045132
中医呼吸消化门诊(国际部),270-200045138
肾癌(肿瘤内科),270-200044032
胃肠胰腺神经内分泌肿瘤,270-200044038
(西区)中医妇科门诊,270-200043784
(西区)内分泌科中医门诊,270-200043786
中医外科门诊(国际部),270-200043790
(西区)中医内科(中呼)门诊,270-200043800
肺癌(肿瘤内科),270-200044056
中医脾胃病科门诊(国际部),270-200043546
中医内科门诊(国际部),270-200043804
中医肺病二部门诊,270-200043552
中医妇科门诊(国际部),270-200043554
男科门诊(国际部),270-200043556
咳嗽(中医呼吸科),270-200044068
针灸科门诊,270-200043558
推拿科门诊,270-200043564
内分泌科中医门诊(国际部),270-200043566
中医肺病一部门诊(特需),270-200043822
消化道恶性肿瘤,270-200044078
中西医结合心内科(国际部),270-200043568
中西医心内科门诊(特需),270-200043824
中西医肿瘤内科门诊(特需),270-200043828
中医风湿病科门诊(国际部),270-200043578
中医外科门诊,270-200043840
中西医结合肿瘤内科门诊,270-200043842
中医内科门诊,270-200043846
中医老年病门诊,270-200043848
推拿科门诊(国际部),270-200043600
颈椎病(中医按摩),270-200043888
强直性脊柱炎(中医风湿),270-200044146
(西区)中医风湿病科门诊,270-200043640
骨关节炎(中医风湿),270-200044154
类风湿关节炎(中医风湿),270-200044156
创面修复门诊(中外),270-200043902
骨质疏松症(中医风湿),270-200044160
内分泌科中医门诊(特需),270-200043650
干燥综合症(中医风湿),270-200044162
乳腺癌(肿瘤内科),270-200044170
糖尿病肾病,270-200043916
老年骨质疏松,270-200044174
老年记忆障碍,270-200044176
乳腺病门诊(中医外科),270-200044178
女性尿失禁,270-200044180
慢性软组织病与疼痛(针灸,270-200043930
中医肺病一部门诊,270-200043676
中西医结合心内科门诊,270-200043680
中医风湿病科门诊,270-200043682
内分泌科中医门诊,270-200043684
中西医中风,270-200044198
血脂异常门诊,270-200044200
中医肺病二部门诊(特需),270-200043692
中西医冠心病(中西医心内),270-200044204
糖尿病胃轻瘫(中糖),270-200043950
心肌病,270-200044208
颈椎病(中医针灸),270-200043954
中西医高血压,270-200044210
糖尿病周围神经病变,270-200043956
中医内科门诊(特需),270-200043708
(西区)中西医结合心内科门诊,270-200043720
中医脾胃病科门诊,270-200043724
(西区)中医老年病门诊,270-200043726
肿瘤化疗门诊(中肿),270-200043986
中医肺病一部门诊(国际部),270-200044242
(西区)中西医结合肿瘤内科门诊,270-200043732
(西区)宫颈病(中医妇科),270-200043990
中医风湿病科(特需),270-200043736
三阴乳腺癌(肿瘤内科),270-200043994
肿瘤外治(肿瘤内科),270-200043996
胃癌(肿瘤内科),270-200044022
中医妇科门诊,270-200043768
卵巢癌(肿瘤内科),270-200044030
中医肿瘤科门诊(国际部),270-200043796
颈部肿物门诊,102-200042488
胸外科门诊,102-200039744
高血压专病门诊,102-200045260
晕厥专病门诊,102-200045262
心血管内科门诊,102-200039704
普通外科专业门诊,102-200041872
新生儿外科门诊,102-200041410
李龙知名专家团队,102-200042478
普通外科门诊,102-200039716
中医呼吸专病门诊,102-200045168
中医呼吸专病门诊,102-200045170
中医科门诊,102-200039730
脾胃病门诊,102-200039732
便秘专病门诊,102-200045150
消化内科门诊,102-200039696
慢性腹泻,102-200039752
性早熟专病门诊,102-200045084
矮小专病门诊,102-200044982
糖尿病专病门诊,102-200044986
内分泌科门诊,102-200039700
内科综合门诊（一区）,102-200041322
癫痫门诊,102-200043124
肌无力专病门诊,102-200044984
神经内科门诊,102-200039698
心脏外科门诊,102-200039720
呼吸内科门诊,102-200039690
哮喘门诊,102-200039692
反复呼吸道感染门诊,102-200039734
呼吸睡眠门诊,102-200039750
肾脏内科门诊,102-200039708
遗尿门诊,102-200039738
血液内科门诊,102-200039710
风湿免疫科门诊,102-200039712
新生儿内科门诊,102-200039714
叶辉工作室,102-200039970
泌尿外科门诊,102-200039718
骨科门诊,102-200039722
儿童五官保健门诊,102-200039726
儿童康复门诊,102-200041406
保健科门诊,102-200039680
儿童生长发育门诊,102-200039748
儿童营养门诊,102-200039746
儿童心理卫生门诊,102-200039724
眼科门诊,102-200039682
耳鼻喉科门诊,102-200039684
口腔科门诊,102-200039686
皮肤科门诊,102-200039688
刘晓雁工作室,102-200039728
综合内科门诊,102-200000454
医学中心门诊,114-200041320
骨质疏松专病专家门诊,114-200041316
眼底动脉硬化专病专家门诊,114-200041318
尿毒症继发性甲旁亢专病专家,114-200041330
乳腺结节专病专家门诊,114-200041332
甲状腺结节专病专家门诊,114-200041334
消化道癌前疾病及早期癌专病专家门诊,114-200041402
超声波门诊,114-200000778
耳鼻喉科门诊,114-200000779
放疗门诊,114-200000799
门诊放射组,114-200000800
妇产科门诊,114-200000780
妇科门诊,114-200000781
产科门诊,114-200000777
计划生育,114-200000782
核医学门诊,114-200000788
康复理疗门诊,114-200000789
颌面外科,114-200000790
口腔治疗科,114-200000791
口腔修复科,114-200000792
口腔正畸科,114-200000793
镇痛门诊,114-200000819
风湿门诊,114-200000783
781肝脏疾病门诊,114-200000784
102感染科门诊,114-200000786
呼吸科门诊,114-200000787
104内分泌门诊,114-200000801
神内门诊,114-200000805
消化门诊,114-200000811
血液门诊,114-200000813
心脏内门诊,114-200000814
肿瘤科门诊,114-200000818
肾内科专病,114-200000806
腹膜透析,114-200000807
肾内科专家,114-200000808
皮科门诊,114-200000802
热研门诊,114-200000804
骨科门诊,114-200000785
普外门诊,114-200000803
神外门诊,114-200000809
血管外科门诊,114-200000810
胸外门诊,114-200000812
心脏外门诊,114-200000815
眼科门诊,114-200000816
营养门诊,114-200000817
中医科门诊,114-200000820
肾移植,114-200000798
泌尿外科专家,114-200000794
泌尿外科专科,114-200000795
泌尿男科,114-200000796
泌尿肿瘤化疗,114-200000797
妇科门诊,40-200041528
产科门诊,40-200041530
血液透析室门诊,40-200000367
医学影像门诊,40-200000369
骨科门诊,40-200000371
神经内科门诊,40-200000372
神经外科门诊,40-200000374
消化内科门诊,40-200000373
儿科门诊,40-200000382
感染科门诊,40-200000368
中西医结合一科门诊,40-200000384
感染一科门诊,40-200000385
肝病二科门诊,40-200000386
肝病一科门诊,40-200000387
中西医结合二科门诊,40-200000388
感染二科门诊,40-200000389
综合科门诊,40-200000390
肿瘤内科门诊,40-200000391
肝病三科门诊,40-200000392
传染科门诊,40-200000394
感染科专科门诊,40-200000370
普外科门诊,40-200000393
眼科门诊,40-200000395
口腔科门诊,40-200000396
耳鼻喉科门诊,40-200000397
皮肤性病门诊,40-200000398
预防门诊,40-200000399
内一科门诊,40-200000383
内分泌科门诊,40-200000375
肾内科门诊,40-200000376
呼吸科门诊,40-200000377
泌尿外科门诊,40-200000378
心内科门诊,40-200000379
肿瘤介入科门诊,40-200000400
呼吸内科门诊,129-200001184
消化内科门诊,129-200001186
内分泌科门诊,129-200001190
风湿肾病科门诊,129-200001192
血液病科门诊,129-200001193
肿瘤内科门诊,129-200001201
神经内科门诊,129-200001187
感染内科门诊,129-200001189
普通外科门诊,129-200001204
肝胆外科门诊,129-200001205
泌尿外科门诊,129-200001209
胸外科门诊,129-200001208
神经外科门诊,129-200001211
烧伤整形外科门诊,129-200001212
妇产科门诊,129-200001199
儿科门诊,129-200001200
干部病房门诊,129-200001188
皮肤科门诊,129-200001196
骨科门诊,129-200001206
急诊部,129-200001217
健康体检中心,129-200001202
空勤科门诊,129-200001191
口腔科门诊,129-200001197
耳鼻喉科门诊,129-200001194
生殖医学中心,129-200001218
疼痛科门诊,129-200001214
放疗科,129-200001215
心脏中心内科门诊,129-200001185
心脏中心外科门诊,129-200001207
眩晕门诊,129-200001203
眼科门诊,129-200001198
医学心理科,129-200001216
中西医结合男科门诊,129-200001213
中西医正骨科门诊,129-200001210
中医科门诊,129-200001195
肿瘤科门诊,148-200001827
妇科门诊,148-200001828
生殖内分泌门诊,148-200001829
儿科门诊,148-200001830
骨科门诊,148-200001831
眼科门诊,148-200001832
耳鼻喉科门诊,148-200001833
口腔科门诊,148-200001834
皮肤性病科门诊,148-200001835
针灸科门诊,148-200001836
推拿科门诊,148-200001837
肝炎门诊,148-200001838
呼吸热病科门诊,148-200001839
心血管内科门诊,148-200001840
脾胃肝胆科门诊,148-200001841
疼痛科门诊,148-200001842
肾病科门诊,148-200001843
脑病二门诊,148-200001844
脑病一门诊,148-200001845
内分泌代谢科门诊,148-200001846
血液病科门诊,148-200001847
老年病科门诊,148-200001848
体检中心,148-200001849
风湿病科门诊,148-200001850
亚健康科,148-200001851
外二科(泌尿科、男科)门诊,148-200001852
肛肠科门诊,148-200001853
乳腺科门诊,148-200001854
周围血管科门诊,148-200001855
普通外科门诊,148-200001856
脑病三科(脑外科)门诊,148-200001859
儿童康复科（副主任医师）,153-200002040
儿童康复科（知名专家）,153-200002039
儿童康复科,153-200002007
儿童康复科(知名专家),153-200002008
妇科(知名专家),153-200002018
妇科（副主任医师）,153-200002050
妇科,153-200002017
骨科及骨关节康复科(副主任医师),153-200002034
骨科及骨关节康复科(知名专家),153-200002033
骨科及骨关节康复科,153-200001997
脊髓功能重建科(副主任医师),153-200002047
脊髓功能重建科(知名专家),153-200002046
功能重建科,153-200002014
脊柱脊髓外科(知名专家),153-200001994
脊柱脊髓外科（副主任医师）,153-200002030
脊柱脊髓外科（知名专家）,153-200002029
脊柱脊髓外科,153-200001993
口腔治疗复诊,153-200041626
口腔科（知名专家）,153-200002020
口腔科(副主任医师),153-200002051
口腔治疗初诊,153-200002019
口腔修复复诊,153-200041628
口腔修复（副主任医师）,153-200002059
口腔修复初诊,153-200002024
泌尿外科及神经泌尿(知名专家),153-200001996
泌尿外科及神经泌尿(副主任医师),153-200002032
泌尿外科及神经泌尿(知名专家),153-200002031
泌尿外科及神经泌尿,153-200001995
普外科(知名专家),153-200001992
普外科（副主任医师）,153-200002028
普外科（知名专家）,153-200002027
普外科,153-200001991
神经内科及神经康复科(知名专家),153-200002006
神经内科及神经康复科(副主任医师),153-200002038
神经内科及神经康复科(知名专家),153-200002037
神经内科及神经康复科,153-200002005
心血管内科（副主任医师）,153-200002054
心血管内科（知名专家）,153-200002052
心血管内科,153-200002000
心血管内科(知名专家),153-200002053
眼科（副主任医师）,153-200002049
眼科（知名专家）,153-200002048
眼科,153-200002016
脊髓损伤康复科（知名专家）,153-200002045
脊髓损伤康复科,153-200002013
中医康复(副主任医师),153-200002044
中医康复(知名专家),153-200002043
中医科(知名专家),153-200002009
中医康复治疗门诊中医科(知名专家),153-200002012
中医科（副主任医师）,153-200002042
中医科(知名专家),153-200002041
中医科,153-200002010
呼吸内科(知名专家),153-200002056
急诊呼吸内科(知名专家),153-200002025
呼吸内科,153-200001999
呼吸内科（知名专家）,153-200002060
神经外科（副主任医师）,153-200002036
神经外科（知名专家）,153-200002035
神经外科,153-200001998
急诊内分泌科(知名专家),153-200002026
内分泌科（副主任医师）,153-200002058
内分泌科,153-200002001
消化内科(知名专家),153-200002055
消化内科,153-200002003
消化内科(副主任医师),153-200002004
肾内科(知名专家),153-200002062
肾内科（副主任医师）,153-200002057
肾内科,153-200002002
耳鼻喉科(副主任医师),153-200002022
耳鼻喉科,153-200002021
皮肤科,153-200002023
中医科(治疗中心)(副主任医师),153-200002011
中西医结合内科(知名专家),153-200002061
疼痛科(知名专家),153-200002063
消化内科门诊,154-200000318
消化道早癌筛查门诊,154-200042894
内分泌内科门诊,154-200000321
肥胖症门诊,154-200042888
肾内科门诊,154-200000320
慢性肾脏病门诊,154-200042890
神经内一科门诊,154-200000322
神经内二科门诊,154-200042292
呼吸内科门诊,154-200000316
关节炎专病门诊,154-200042886
风湿免疫科,154-200042498
血液内科门诊,154-200000317
出血性疾病门诊,154-200042874
贫血门诊,154-200042876
记忆门诊,154-200044746
营养科门诊,154-200045110
心脏内科门诊,154-200000319
起搏器随访门诊,154-200042510
房颤专病门诊,154-200042512
高血压专病门诊,154-200042516
冠心病专病门诊,154-200042518
心衰专病门诊,154-200042520
普外科门诊,154-200000323
骨科门诊,154-200000325
血管外科门诊,154-200039964
胸外科门诊,154-200041436
心外科门诊,154-200041438
泌尿外科门诊,154-200000324
前列腺增生专病门诊,154-200042878
泌尿系结石专病门诊,154-200042880
保膝门诊号,154-200044748
宫腔镜门诊,154-200000328
复发性流产门诊,154-200042884
妇科门诊,154-200000326
产科门诊,154-200000327
儿科门诊,154-200000336
儿童生长发育,154-200000337
儿童咳嗽门诊,154-200042448
耳鼻喉科门诊,154-200000330
口腔科门诊,154-200000331
眼科门诊,154-200000329
黄斑变性门诊,154-200042892
皮肤科门诊,154-200000332
黄褐斑门诊,154-200042882
失眠(针灸科)门诊,154-200045082
中医科门诊,154-200000333
针灸科骨伤科门诊,154-200000334
肿瘤科,154-200042380
肿瘤早期筛查门诊号,154-200045080
焦虑抑郁门诊,154-200042118
失眠门诊号,154-200045078
缺血缺氧专病门诊,154-200042896
妇产中心,158-200002140
肝病内科,158-200037178
肝病心理门诊,158-200002156
肝胆外科,158-200037276
感染病科,158-200002155
介入科,158-200002162
肝病内科酒药免,158-200037280
门脉高压外科,158-200002161
青少年肝病门诊,158-200037278
生物治疗门诊,158-200002165
肝移植门诊,158-200002166
营养门诊,158-200002167
肝源性糖尿病,158-200002168
血液透析门诊,158-200002169
中西医结合科,158-200002170
中西医结合科专家,158-200037274
肿瘤科,158-200037272
眼科副主任1,160-200002204
眼科假日,160-200002205
皮科专台,160-200002198
皮科假日,160-200002199
骨伤科假日,160-200002202
骨伤科主任,160-200002203
骨伤科副主任1,160-200002201
老年病科主任1,160-200002195
老年病科副主任1,160-200002196
妇科主任1,160-200002206
妇科副主任1,160-200002207
耳鼻喉科普通,160-200002209
儿科副主任1,160-200002208
脾胃病科主任,160-200002197
脾胃病科副主任,160-200040148
外科主任,160-200041076
周围血管病假日,160-200002200
高血压门诊,167-200042496
心脏内科门诊,167-200002597
耳鼻喉科门诊,167-200002613
中医科,167-200002614
皮肤性病科,167-200002615
肝胆外科,167-200002601
疝与腹壁外科,167-200002602
胃肠外科,167-200002622
乳腺、甲状腺科,167-200002623
心血管外科,167-200002624
胸外门诊,167-200002620
风湿内科门诊,167-200002617
骨质疏松门诊,167-200042464
消化内科,167-200002618
神外门诊,167-200002619
脊柱外科,167-200002604
关节矫形外科,167-200002605
运动医学外科,167-200002606
创伤骨科门诊,167-200002625
肛肠科门诊,167-200002626
上肢外科门诊,167-200002627
计划生育门诊,167-200041238
妇科门诊,167-200002608
产科门诊,167-200002628
内分泌科,167-200002629
肾内科,167-200002630
精神科,167-200002631
呼吸内科,167-200002598
血液肿瘤内科,167-200002599
普外一门诊,167-200002600
泌尿外科门诊,167-200002607
儿科,167-200002609
疼痛科,167-200042462
神经内科,167-200002610
记忆障碍门诊,167-200042466
眼科门诊,167-200002611
口腔科门诊,167-200002612
血液内科门诊,167-200041154
肿瘤内科门诊,167-200041156
口腔正畸修复,167-200041158
王府井部口腔综合科,170-200002666
王府井部口腔修复科（镶牙）,170-200002664
王府井部口腔正畸科,170-200002665
(本院)神经内科专家,178-200002935
(本院)神内专家,178-200002943
(本院)神经内科,178-200002932
(本院)心内科专家,178-200002945
(本院)心内科,178-200002946
(本院)综合内科专家,178-200002942
(本院)综合内科,178-200002934
(本院)消化内科专家,178-200002937
(本院)消化内科,178-200002931
(本院)内分泌内科专家,178-200002938
(本院)内分泌内科,178-200002933
(本院)呼吸内科专家,178-200002936
(本院)呼吸内科,178-200002930
(本院)肾内科专家,178-200002939
(本院)血液内科专家,178-200002940
(本院)免疫内科专家,178-200002941
(本院)外科专家,178-200002910
(本院)外科,178-200002899
(本院)医疗美容专家,178-200002922
(本院)医疗美容,178-200002921
(本院)泌外专家,178-200002920
(本院)骨科专家,178-200002911
(本院)骨科,178-200002900
(本院)妇产科专家,178-200002913
(本院)妇科,178-200002902
(本院)六院产科,178-200002928
(本院)儿科专家,178-200002915
(本院)儿科,178-200002904
(本院)中医专家,178-200002916
(本院)中医科,178-200002905
(本院)口腔专家,178-200002917
(本院)口腔科,178-200002906
(本院)皮科专家,178-200002912
(本院)皮科,178-200002901
(本院)眼科专家,178-200002914
(本院)眼科,178-200002903
(本院)耳鼻喉专家,178-200002918
(本院)耳鼻喉科,178-200002907
(本院)精神内科专家,178-200002923
(本院)针灸专家,178-200002919
(本院)针灸科,178-200002908
(本院)按摩科,178-200002909
(北院)普内,178-200002924
(北院)中医专家,178-200002929
(北院)中医科,178-200002926
(北院)精神科,178-200002927
[北院]乳腺专家,178-200002944
(北院)乳腺,178-200002925
(本院)乳腺专家,178-200002947
(北院)医疗美容专家门诊,178-200002948
耳鼻喉科门诊,185-200003009
妇科门诊,185-200003012
不孕不育门诊,185-200041074
颈肩腰腿康复,185-200003037
骨关节康复,185-200003036
膝踝关节康复门诊,185-200043056
颈腰椎康复门诊,185-200043054
康复科普通号门诊,185-200044322
心内科门诊,185-200003014
呼吸内科门诊,185-200003017
内分泌门诊,185-200003018
神内科门诊,185-200003020
普内科门诊,185-200003019
消化内科门诊,185-200043058
内科普通号门诊,185-200044320
透析门诊,185-200003023
乳腺外科门诊,185-200003028
肛肠外科门诊,185-200003029
消化外科门诊,185-200043060
骨科门诊,185-200003011
泌尿科门诊,185-200003015
皮肤科门诊,185-200003008
普外科门诊,185-200003022
外科普通号门诊,185-200044324
眼科门诊,185-200003016
中医内分泌科门诊,185-200043062
中医妇科门诊,185-200003033
中医皮科门诊,185-200003034
中医骨科门诊,185-200003031
中医内科门诊,185-200003030
针灸科门诊,185-200003013
中医脾胃门诊,185-200041248
中医情志,185-200041250
中医科普通号门诊,185-200044328
肿瘤科,185-200003024
口腔正畸门诊,185-200003035
口腔修复科,185-200003026
口腔综合科,185-200003025
疼痛科门诊,185-200003027
心血管内科,189-200003083
精神科门诊,189-200003087
神经内科门诊,189-200003084
呼吸内科,189-200003085
消化内科,189-200003090
内分泌内科,189-200003091
肿瘤内科,189-200003088
肾内科,189-200003092
风湿内科,189-200003093
疼痛科,189-200003115
哮喘门诊,189-200003086
普通外科,189-200003096
骨科,189-200003094
泌尿外科,189-200003098
神经外科,189-200003095
胸心血管乳腺外科,189-200003100
血管外科门诊,189-200003097
肛肠外科,189-200003099
产科,189-200003103
妇科,189-200003102
产科专家门诊,189-200045296
妇产科门诊,189-200003101
产科高危门诊,189-200003104
儿科,189-200003105
儿科内分泌,189-200003106
儿科哮喘门诊,189-200003107
儿科早期发展门诊,189-200003108
口腔科,189-200003111
眼科,189-200003109
耳鼻喉科,189-200003110
中医科,189-200003112
中医(糖尿病),189-200003113
中医肾病科,189-200003119
理疗按摩科,189-200003116
针灸科,189-200003117
综合内科,189-200003118
妇女不育不孕专科,189-200003089
皮肤科,189-200003114
名医堂(知名专家),209-200042120
名医堂(正主任),209-200003317
名医堂,209-200037564
耳鼻喉科,209-200003340
妇科(正主任),209-200003316
妇科(副主任),209-200003322
妇科(主治医师),209-200003342
肛肠科(主治医师),209-200003344
骨伤科(副主任),209-200003321
骨伤科(主治医师),209-200003345
呼吸内科(正主任),209-200003328
呼吸内科(主治医师),209-200003348
精神心理科(副主任),209-200003312
精神心理科(正主任),209-200003325
口腔科,209-200003343
泌尿外科(主治医师),209-200003351
糖尿病内科(正主任),209-200003330
糖尿病内科(副主任),209-200003331
糖尿病内科(主治医师),209-200003332
脑病科(副主任),209-200003311
脑病科(正主任),209-200003323
脑病科(主治医师),209-200003337
皮肤科(副主任),209-200003334
皮肤科(主治医师),209-200003341
肾内科(正主任),209-200003326
肾内科(副主任),209-200003329
肾内科(主治医师),209-200003346
疼痛科(主治医师),209-200003310
疼痛科(副主任),209-200003318
外科(正主任),209-200003313
外科(副主任),209-200003320
外科(主治医师),209-200003336
消化内科(副主任),209-200003327
消化内科(主治医师),209-200003349
心血管内科(副主任),209-200003319
心血管内科(正主任),209-200003324
心血管内科(主治医师),209-200003347
眼科(副主任),209-200003314
眼科,209-200003338
营养科(副主任),209-200003333
针灸科(副主任),209-200003315
针灸科(主治医师),209-200003339
治未病科(副主任),209-200003335
中医儿童内科,215-200003422
皮肤科,215-200003424
儿童保健科,215-200003425
针灸推拿科,215-200003427
口腔科,215-200003426
西医儿科,215-200003423
放疗科,8-200041524
肿瘤康复科,8-200041526
肿瘤科,8-200000055
肿瘤全科,8-200041506
肿瘤内科,8-200041508
乳腺肿瘤,8-200041510
中西医结合肿瘤科,8-200041512
中医肿瘤科,8-200041514
消化系统肿瘤,8-200041516
胆管系统肿瘤,8-200041518
呼吸系统肿瘤,8-200041520
胰腺肿瘤,8-200041522
骨科,8-200000054
产科门诊,9-200000082
妇科门诊,9-200000083
儿科门诊,9-200000086
骨一科门诊,9-200000075
骨二科门诊,9-200000076
呼吸内一科门诊,9-200000069
呼吸内二门诊,9-200000070
口腔科门诊,9-200000087
泌尿一科门诊,9-200000079
肾病免疫科门诊,9-200000057
内分泌科门诊,9-200000056
皮肤科门诊,9-200000095
普外一科门诊,9-200000073
普外二科门诊,9-200000074
神经内六科门诊,9-200000063
神经内一科门诊,9-200000059
神经内二科门诊,9-200000060
神经内三科门诊,9-200000061
神经内五科门诊,9-200000062
消化内一科门诊,9-200000058
心血管内三科门诊,9-200000066
心血管内五科门诊,9-200000067
心血管内一科门诊,9-200000064
心血管内二科门诊,9-200000065
眼一科门诊,9-200000085
中医科门诊,9-200000090
内科门诊,9-200000071
肿瘤血液内科门诊,9-200000068
乳腺门诊,9-200000072
神经外一科门诊,9-200000078
心胸外门诊,9-200000081
男科门诊,9-200000080
耳鼻咽喉头颈外科门诊,9-200000093
眩晕、耳聋耳鸣听力门诊,9-200000094
骨三科门诊,9-200000077
口腔修复,9-200000089
正畸,9-200000088
康复门诊,9-200000092
颈肩腰腿痛,9-200000091
计划生育门诊,9-200000084
精神科,11-200000114
心理咨询,11-200000115
耳鼻咽喉-头颈外科,110-200000679
产科,110-200000677
妇科,110-200000681
儿科,110-200000680
会员门诊,110-200000700
口腔科,110-200000693
肝病免疫科,110-200000683
丙肝与中毒性肝病科,110-200000685
重症肝病科,110-200000686
肝病综合科,110-200000687
感染与普通传染病门诊,110-200000688
肝病消化中心二科门诊,110-200000689
肝病消化中心一科门诊,110-200000690
临床药物试验机构,110-200000694
门诊部,110-200000697
人工肝中心,110-200000699
泌尿中心肝病肾病科,110-200000704
肿瘤生物治疗科,110-200000706
中西医结合科,110-200000707
慢病管理中心离退休专家组,110-200000695
感染一科二科门诊,110-200041136
综合感染科,110-200041138
脂肪性肝病诊疗中心,110-200041140
肝病内分泌科,110-200000684
中西医结合中心生物物理治疗科,110-200044750
皮科,110-200000698
皮肤科激光门诊,110-200041130
性病皮肤门诊,110-200041132
普通外科中心,110-200000691
性病艾滋病门诊,110-200000701
眼科,110-200000703
肿瘤肝胆微创介入中心二科门诊,110-200000692
肿瘤肝胆微创介入中心一科门诊,110-200000705
血液透析门诊,110-200000702
泌尿中心泌尿外科,110-200000696
放射科,110-200000682
超声科,110-200000678
病理科,110-200000676
特需,110-200041134
抑郁症/双相情感障碍门诊,111-200000708
记忆门诊,111-200040904
老年精神科门诊,111-200000713
多动症、抽动症治疗中心门诊,111-200041482
儿童青少年精神科门诊,111-200000710
心身医学门诊,111-200041484
焦虑障碍门诊,111-200000709
压力管理门诊,111-200041486
心理咨询与治疗门诊,111-200000711
普通精神科门诊,111-200000714
睡眠医学科门诊,111-200037270
中医门诊,111-200000715
中西医结合门诊,111-200000716
精神康复门诊,111-200041488
家庭护理咨询门诊,111-200041490
特需门诊,111-200000712
PTJSB(ADM)-普通精神病/抑郁症门诊(安定门),116-200041166
XLZXMZ(ADM)-心理咨询门诊(安定门),116-200041192
PTJSB/YYZMZ-普通精神病/抑郁症门诊,116-200041168
HLZXMZ-护理咨询门诊,116-200041170
LXXLMZ-两性心理门诊,116-200044754
ETXLMZ-儿童心理门诊,116-200041172
JYYLMZ-酒药依赖门诊,116-200041174
LNJSBMZ-老年精神病门诊,116-200041176
XLZXMZ-心理咨询门诊,116-200041178
ZXYJHMZ-中西医结合门诊,116-200041180
SMZAMZ-睡眠障碍门诊,116-200041182
YYZMZ-抑郁症门诊,116-200041184
XSYXMZ-心身医学门诊,116-200041186
XLJYMZ-心理减压门诊,116-200041188
JSKFMZ-精神康复门诊,116-200041190
感染与肝病科,121-200041296
透析室,121-200041252
内分泌科,121-200041254
血液科,121-200041258
心内科,121-200041262
消化内科,121-200041280
肾内科,121-200041284
综合科,121-200041300
呼吸内科,121-200041306
神经内科,121-200041308
耳鼻喉科门诊,121-200041270
儿科门诊,121-200041292
口腔科门诊,121-200041268
妇产科,121-200041290
泌尿外科,121-200041264
骨科,121-200041266
疝和腹壁外科,121-200041272
肝胆胰脾外科,121-200041282
普外科,121-200041286
胸外科,121-200041304
神经外科,121-200041310
眼科门诊,121-200041288
皮肤与医疗美容科,121-200041260
物理治疗科,121-200041278
中医科门诊,121-200041294
手术麻醉科,121-200045190
介入科,121-200041256
超声科 ,121-200041274
核磁室,121-200041302
放射科,121-200041312
病理科,121-200041276
乳腺外科(主任医生),165-200002516
CT(主任医师),165-200002505
病理科(主任医师),165-200002511
儿科(副主任医师),165-200002450
儿科(普通门诊),165-200002451
耳鼻喉科(主任医师),165-200002457
耳鼻喉(副主任医师),165-200002458
耳鼻喉(普通门诊),165-200002459
产科门诊(副主任医师),165-200002525
产科门诊(普通门诊),165-200002523
产科门诊(主任医师),165-200002524
产科门诊(主治医师),165-200002526
妇科(副主任医师),165-200002447
妇科(主任医师),165-200002446
妇科(主治医师),165-200002448
妇科(普通门诊),165-200002449
肛肠科(主治医师),165-200002507
肛肠科(副主任医师),165-200002506
肛肠科(普通门诊),165-200002508
骨科(副主任医师),165-200002479
骨科(主任医师),165-200002478
骨科(普通门诊),165-200002480
呼吸科(主治医师),165-200002497
呼吸科(副主任医师),165-200002496
呼吸科(主任医师),165-200002495
呼吸科1(副主任医师),165-200002518
泌尿科(副主任医师),165-200002482
泌尿科(主任医师),165-200002481
泌尿科(普通门诊),165-200002483
口腔(普通门诊),165-200002456
口腔(副主任医师),165-200002455
内分泌(主治医师),165-200002469
内分泌(副主任医师),165-200002468
内分泌(普通门诊),165-200002470
疝与腹壁外科(副主任医师),165-200002504
神内科(主治医师),165-200002493
神内科(副主任医师),165-200002492
神经内科(主任医师),165-200002491
血管外科(副主任医师),165-200002510
神外科(副主任医师),165-200002485
神外科(主任医师),165-200002484
神外科(普通门诊),165-200002486
肾内科(副主任医师),165-200002500
肾内科(主任医师),165-200002499
肾内科(普通门诊),165-200002501
疼痛科(副主任医师),165-200002528
疼痛科(主治医师),165-200002476
消化科(主任医师),165-200002471
消化科(普通门诊),165-200002472
消化科1(主任医师),165-200002521
心内科(副主任医师),165-200002474
心内科(主任医师),165-200002473
心内科(普通门诊),165-200002475
胸外科(副主任医师),165-200002502
胸外科(普通门诊),165-200002503
中医(副主任医师),165-200002463
中医(主任医师),165-200002462
中医(普通门诊),165-200002464
肿瘤科(主治医师),165-200002514
肿瘤科(副主任医师),165-200002513
肿瘤科(主任医师),165-200002512
肿瘤科(普通门诊),165-200002515
皮科(副主任医师),165-200002453
皮科(主任医师),165-200002452
皮科(普通门诊),165-200002454
普外科(副主任医师),165-200002488
普外科(主治医师),165-200002489
普外科1(主任医师),165-200002517
普外科(普通门诊),165-200002490
普外科(主任医师),165-200002487
眼科(副主任医师),165-200002460
眼科(普通门诊),165-200002461
康复医学科(主治医师),165-200002527
康复医学科(副主任医师),165-200002529
放射科(副主任医师),165-200002522
放射科(主任医师),165-200002509
正畸(普通门诊),165-200002477
镶牙(普通门诊),165-200002465
针灸科(普通门诊),165-200002466
麻醉科(普通门诊),165-200002467
中医专家(副主任医师),168-200002632
眼科专科(主治医师),168-200002634
妇科专家(主任医师),168-200002633
呼吸科,173-200002702
肠道门诊,173-200002737
全科医疗科,173-200002738
心血管科,173-200002703
康复科,173-200042098
神经内科,173-200002704
肝病门诊,173-200044770
肿瘤综合科,173-200002705
内分泌科,173-200002706
肾内科,173-200002728
消化科,173-200002733
儿童弱视,173-200002736
美容整形,173-200002735
眼科,173-200002719
血管外科,173-200002713
乳腺和甲状腺,173-200002714
肛肠外科,173-200002715
骨关节病门诊,173-200002709
脊柱门诊,173-200002710
乳腺专科门诊,173-200002731
小儿外科,173-200002734
神经外科,173-200002707
肛肠专科,173-200002732
骨科,173-200002708
心胸外科,173-200002711
普外科,173-200002712
疼痛门诊,173-200002729
泌尿外科,173-200002730
妇科内分泌门诊,173-200002739
不孕不育门诊,173-200002740
更年期门诊,173-200002741
产科,173-200002716
妇科,173-200002717
儿科,173-200002718
中医科,173-200002720
皮科,173-200002721
眩晕门诊,173-200002723
耳鼻喉科,173-200002722
口腔颌面外科,173-200002725
口腔内科,173-200002726
口腔修复,173-200002727
口腔科,173-200002724
儿科,175-200002798
耳鼻喉科,175-200002801
妇科门诊,175-200002794
口腔科,175-200002799
心血管门诊,175-200002789
糖尿病门诊,175-200002790
脑血管门诊,175-200002791
消化科门诊,175-200002792
呼吸科门诊,175-200002793
肾病内分泌科,175-200002809
皮肤科,175-200002795
乳腺科,175-200002802
神经外科,175-200002810
泌尿科门诊,175-200002803
普外科门诊,175-200002804
肛肠门诊,175-200002805
骨伤科门诊,175-200002806
周围血管科,175-200002808
眼科,175-200002800
推拿科,175-200002796
针灸理疗科,175-200002797
中医专家门诊,175-200002807
儿科主任,176-200002844
儿科副主任,176-200002835
儿科,176-200002822
心血管内科,176-200002839
心血管内科专科,176-200002840
心血管内科副主任,176-200002841
心血管内科主任,176-200002842
肾内科,176-200002843
肾内科专科,176-200002845
肾内科主任,176-200002846
呼吸内科,176-200002829
呼吸内科副主任,176-200002830
呼吸内科主任,176-200002831
内分泌科专科,176-200036082
内分泌科,176-200002825
内分泌科副主任,176-200002847
消化内科,176-200002826
消化内科专科,176-200002827
消化内科副主任,176-200002828
消化内科主任,176-200042898
老年病科,176-200002837
老年病科专科,176-200036080
老年病科副主任,176-200002838
神经内科,176-200002832
神经内科专科,176-200002833
神经内科副主任,176-200002834
神经内科主任,176-200002836
普通外科,176-200002848
普通外科专科,176-200002849
普通外科副主任,176-200002850
普通外科主任,176-200002851
乳腺外科,176-200002853
乳腺外科副主任,176-200002854
乳腺外科主任,176-200002855
泌尿外科,176-200002856
泌尿外科专科,176-200036084
泌尿外科副主任,176-200036086
泌尿外科主任,176-200036088
妇科主任医师,176-200002815
妇科副主任医师,176-200002811
妇科,176-200002876
口腔治疗主任医师,176-200002867
口腔治疗副主任医师,176-200002866
口腔治疗主治医师,176-200002865
口腔治疗,176-200002864
口腔修复主任医师,176-200002870
口腔修复主治医师,176-200002869
口腔修复,176-200002868
口腔正畸主任医师,176-200041328
口腔正畸副主任医师,176-200002812
综合内科专科,176-200036090
综合内科主任,176-200036092
综合内科副主任,176-200002872
综合内科,176-200002871
眼科主任医师,176-200002860
眼科副主任医师,176-200002859
眼科主治医师,176-200002858
眼科,176-200002857
耳鼻喉科主任医师,176-200002863
耳鼻喉科副主任医师,176-200002862
耳鼻喉科门诊,176-200002861
皮科,176-200002852
针灸科,176-200002875
理疗科,176-200002874
骨伤针刀科,176-200002813
正骨推拿主治医师,176-200002816
正骨推拿科,176-200002814
正骨推拿副主任医师,176-200041326
结防科主任,176-200002873
骨科,176-200002817
骨科主治医师,176-200002818
骨科副主任,176-200002819
骨科主任,176-200002820
全科门诊,176-200036094
全科门诊专科,176-200036078
全科门诊副主任,176-200004911
皮肤科,181-200002965
中医科,181-200002966
骨科,181-200045316
内一科,182-200002967
疑难病内四,182-200002973
肝胆门诊内四,182-200002974
皮肤科专家,182-200002971
骨伤科专家,182-200002970
骨伤科,182-200002969
外科,182-200002972
内三科,182-200002968
内科门诊,183-200002975
内分泌门诊,183-200042012
外科门诊,183-200002976
妇科门诊,183-200002977
儿科门诊,183-200002978
口腔科门诊,183-200002979
中医科门诊,183-200002980
针灸科门诊,183-200002981
眼科门诊,183-200002982
骨科门诊,183-200002983
心内一,190-200003121
心内二,190-200003122
心内三,190-200003123
神经内科,190-200003120
呼吸内科,190-200003124
消化内科,190-200003125
肾内,190-200003126
内分泌,190-200003128
肿瘤,190-200003129
普外,190-200003130
骨科,190-200003134
神外,190-200003131
胸心,190-200003132
泌外,190-200003133
妇产科,190-200003135
儿科,190-200003136
眼科,190-200003137
耳鼻喉科,190-200003138
口腔科,190-200003139
疼痛门诊,190-200003140
中医科,190-200003141
血液科,190-200003127
康复科,190-200004913
风湿免疫科,190-200004915
儿科门诊,200-200003153
妇科门诊,200-200003152
风湿免疫门诊,200-200003148
呼吸内科门诊,200-200003142
内分泌科门诊,200-200003147
神经内科门诊,200-200003144
肾内科门诊,200-200003146
消化内科门诊,200-200003143
心血管内科门诊,200-200003145
皮肤科,200-200003154
神经外科门诊,200-200044734
胸外科门诊,200-200044736
泌尿外科门诊,200-200044738
耳鼻门诊,200-200003156
肛肠科门诊,200-200003150
骨外门诊,200-200003151
口腔门诊,200-200003155
普外门诊,200-200003149
胸泌神经外科门诊,200-200003157
眼科门诊,200-200003158
肿瘤门诊,200-200044740
中医门诊,200-200003159
康复门诊,200-200044744
推拿科,202-200003166
耳鼻喉科,202-200003171
肿瘤病科,202-200003164
内科,202-200003180
脑病科,202-200003160
风湿病科,202-200003183
脾胃病科,202-200003175
心血管病科,202-200003163
肺病科2,202-200003184
肺病科3,202-200003162
肺病科,202-200003174
肾病科,202-200003177
儿科,202-200003167
结石科,202-200003173
外科,202-200003181
外二科,202-200003182
男科,202-200003168
皮肤科,202-200003169
眼科,202-200003172
针灸科,202-200003165
妇科,202-200040168
产科,202-200040170
肛肠科,202-200003176
疼痛科,202-200003179
康复科,202-200003161
急诊科,202-200041554
骨科,202-200041556
流动医院,202-200041566
内科门诊,205-200003217
内科专家门诊,205-200003218
骨伤科,205-200003221
骨伤科专家门诊,205-200003222
皮肤科,205-200003220
碎石科,205-200003219
针灸科,205-200003224
针灸科专家门诊,205-200003226
妇科,205-200003223
口腔初诊,205-200003225
按摩科,205-200003227
脾胃科(副主任医师),206-200041560
脾胃科(主任医师),206-200003246
风湿免疫科(副主任医师),206-200041558
喘病科(副主任医师),206-200003229
中医科(主治医师),206-200003263
中医科(副主任医师),206-200038896
脑病科(主任医师),206-200003242
脑病科(副主任医师),206-200003243
脑病科(主治医师),206-200003244
心病科(主任医师),206-200003258
心病科(副主任医师),206-200003259
康复科(副主任医师),206-200003253
康复科(主任医师),206-200003252
康复科,206-200003251
呼吸科(主任医师),206-200041936
内科(副主任医师),206-200003238
内科(主任医师),206-200038894
内分泌科(主任医师),206-200038898
内分泌科(副主任医师),206-200038900
消化科(主任医师),206-200003257
神经内科(副主任医师),206-200003247
糖尿病肾病科(主任医师),206-200003248
糖尿病肾病科(副主任医师),206-200003249
老年病科(主任医师),206-200003241
外科(主任医师),206-200003236
外科(副主任医师),206-200003237
肛肠科(主治医师),206-200003231
肛肠科(副主任医师),206-200038892
骨科(主任医师),206-200003232
骨科(副主任医师),206-200003233
耳鼻喉科(主任医师),206-200003230
口腔科(副主任医师),206-200003239
口腔科(主治医师),206-200003240
口腔正畸科(主治医师),206-200003262
口腔修复科(副主任医师),206-200040272
口腔修复科(主治医师),206-200003256
眼科(主治医师),206-200003260
妇科(主任医师),206-200003264
妇科(副主任医师),206-200003234
妇科(主治医师),206-200003235
儿科(副主任医师),206-200003254
儿科(主治医师),206-200003255
皮肤科(副主任医师),206-200041578
皮肤科(主治医师),206-200003245
针灸科(副主任医师),206-200040270
针灸科(主治医师),206-200003261
推拿科(副主任医师),206-200041938
推拿科(主治医师),206-200003228
疼痛科(主治医师),206-200003250
内科专家,207-200003267
心血管内科,207-200003266
神经内科,207-200038174
消化内科,207-200038176
骨科,207-200003268
泌尿科,207-200003272
口腔科,207-200038178
妇产科,207-200003269
儿科专家,207-200003271
儿科,207-200003270
五官科专家,207-200003274
五官科,207-200003273
疼痛科,207-200003276
中医专家,207-200038182
中医理疗科,207-200003275
晕病科,207-200040882
儿科(正主任)东坝,214-200003419
儿科(副主任)东坝,214-200003420
妇科(正主任)东坝,214-200003415
妇科(副主任)东坝,214-200003416
产科(正主任)东坝,214-200003417
产科(副主任)东坝,214-200003418
产科(普通号)东坝,214-200040138
内科(正主任)东坝,214-200003412
内科(副主任)东坝,214-200003413
外科(副主任)东坝,214-200003414
营养科(副主任)东坝,214-200003421
产科门诊,216-200003430
妇科门诊,216-200003434
计生科门诊,216-200003428
乳腺科,216-200003429
内科门诊,216-200003433
儿科门诊,216-200003431
中医科,216-200003435
口腔科,216-200003432
内科门诊,217-200003447
肾病科,217-200003449
高血压科,217-200003448
风湿病科,217-200003450
皮科,217-200003438
儿科,217-200003443
妇科,217-200003440
眼科,217-200003441
外科,217-200003439
骨质疏松门诊,217-200003446
骨伤科,217-200003436
针灸科,217-200003437
口腔科,217-200003442
糖尿病门诊,217-200003444
骨科门诊,217-200003445
内科,219-200003468
神经内科,219-200003469
普外科,219-200003470
妇产科,219-200003471
中医科,219-200003473
全科,219-200003476
口腔科,219-200003475
皮肤科,219-200003474
肾内科,219-200003472
心血管科专家,220-200003517
心血管专家一,220-200041570
心血管科专家2,220-200003492
心血管专家三,220-200039922
心血管专家四,220-200039924
心血管专家五,220-200039926
心血管科专家5,220-200003500
呼吸科专家,220-200039930
呼吸科专家2,220-200003490
呼吸科专家三,220-200042508
脑病科专家,220-200039920
脑病科专家 ,220-200003482
脑病科专家一,220-200044628
脑病科专家一.,220-200042042
脑病科专家二,220-200039914
脑病科专家二.,220-200041440
脑病科专家3,220-200003498
脑病科专家四,220-200041674
脑病科专家五,220-200039916
脑病科专家五,220-200039918
脾胃病科专家,220-200003485
脾胃病科专家.,220-200045144
脾胃病科专家一,220-200041576
脾胃科专家2,220-200003496
脾胃病科专家三,220-200003514
内分泌科专家,220-200003486
内分泌科专家2,220-200003487
肿瘤血液科专家,220-200039928
肿瘤血液科专家.,220-200042502
肿瘤血液科专家2,220-200003484
肾病科专家,220-200003488
肾病科专家一,220-200039932
特需老年病科专家,220-200003477
特需老年病科专家一,220-200041572
特需老年病科专家二,220-200003515
风湿免疫门诊,220-200041412
风湿免疫专家,220-200041676
针灸微创肿瘤科专家,220-200039936
针灸微创肿瘤科专家.,220-200044764
手足外科专家,220-200003483
手足外科专家二,220-200003491
微创关节科专家,220-200003506
微创关节科专家一,220-200041574
微创关节科专家二,220-200003516
创伤关节科专家2,220-200003505
脊柱科专家,220-200003507
脊柱科专家一,220-200044318
脊柱科专家2,220-200003508
筋伤科专家2,220-200003509
筋伤科专家3,220-200003510
普外科,220-200003502
普外科专家2,220-200003503
泌尿外科,220-200003504
泌尿外科专家,220-200039940
乳腺科专家,220-200039938
乳腺科专家二,220-200041948
男科专家,220-200003513
妇科专家,220-200003478
妇科专家一,220-200041568
妇科专家二,220-200040906
妇科专家三,220-200039942
儿科专家,220-200003497
儿科专家一,220-200003479
儿科专家二,220-200042514
皮科性病科专家,220-200003511
皮科性病科专家2,220-200003512
皮肤性病科专家三,220-200042504
针灸科专家,220-200044722
针灸科专家.,220-200044720
针灸科专家一,220-200003481
针灸科专家二,220-200003494
康复科专家,220-200003480
康复科专家一,220-200044630
治未病中心专家,220-200045188
治未病中心专家一,220-200039934
耳鼻喉专家,220-200003493
眼科专家,220-200003499
眼科专家2,220-200003495
影像中心专家,220-200039944
综合门诊专家,220-200039946
综合门诊专家五,220-200039948
经方专家门诊一,220-200039952
经方专家门诊三,220-200039950
儿科专家,221-200042162
美容整形科专家,221-200042172
产科专家,221-200042160
麻醉科专家门诊,221-200042170
针灸科专家,221-200042196
针灸科专家北院区,221-200042198
口腔科专家,221-200042168
眼科专家,221-200042194
骨科专家,221-200042166
普外专家,221-200042192
胆结石专病门诊,221-200042208
妇科专家,221-200042164
妇科杂病门诊,221-200003519
脑病科专家,221-200042174
脑病科专家北院区,221-200042176
肾内科专家,221-200042178
肾内科专家北院区,221-200042180
消化专家门诊,221-200042182
肿瘤科门诊,221-200042184
肿瘤科专家北院区,221-200042186
心血管内科专家,221-200042188
内科杂病,221-200042190
呼吸内科专家北院区,221-200042202
呼吸内科专家,221-200003518
儿科门诊,223-200003558
妇产科门诊,223-200003555
妇科门诊,223-200003556
产科门诊,223-200003557
内科门诊,223-200003545
神经内科门诊,223-200003546
消化内分泌门诊,223-200003547
肾内科门诊,223-200003548
肿瘤门诊,223-200003549
呼吸内科门诊,223-200003550
心内科门诊,223-200003566
骨科门诊,223-200003551
胸科门诊,223-200003552
普外门诊,223-200003553
肛肠门诊,223-200003554
泌尿外科门诊,223-200003565
口腔科门诊,223-200003560
皮肤性病科,223-200003563
康复医学科门诊,223-200003562
耳鼻喉门诊,223-200003559
心理门诊,223-200003567
眼科门诊,223-200003561
中医科,223-200003564
PFK-皮肤科,224-200037728
EBHKMZ-耳鼻喉科门诊,224-200037706
YKMZ-眼科门诊,224-200037738
KFYXKMZ-康复医学科门诊,224-200037716
WEKMZ-外二科门诊,224-200045258
NBKSJNKMZ-脑病科(神经内科)门诊,224-200037726
XXGSNMZ-心血管(肾内)门诊,224-200037736
HXKFBFSMYMZ-呼吸科(肺病)风湿免疫门诊,224-200037714
JHBK-结核病科,224-200039482
MZTSBTX-门诊特殊病(透析),224-200037724
XHNFMKMZ-消化(内分泌)科门诊,224-200037734
GKMZ-骨科门诊,224-200037712
ZWBMZ-治未病门诊,224-200037744
MNWKMZ-泌尿外科门诊,224-200037722
WKMZ-外科门诊,224-200037732
FCKMZ-妇产科门诊,224-200037710
ZJKMZ-针灸科门诊,224-200037742
LNBKZHKMZ-老年病科(综合科)门诊,224-200037720
SJWKMZ-神经外科门诊,224-200037730
EKMZ-儿科门诊,224-200037708
ZBMZ-专病门诊,224-200037740
KQK-口腔科,224-200037718
心血管(肾内)门诊,224-200003568
外科一门诊,224-200003569
肛肠科,224-200003570
妇产科门诊,224-200003571
骨科门诊,224-200003572
口腔科,224-200003573
眼科,224-200003574
耳鼻喉科,224-200003575
皮肤科,224-200003576
消化(内分泌)科门诊,224-200003577
血液透析门诊,224-200003578
儿科门诊,224-200003579
康复医学科门诊,224-200003580
老年病科(综合科)门诊,224-200003581
脑病科(神经内科)门诊,224-200003582
呼吸科(肺病)门诊,224-200003584
外科二门诊,224-200003585
脑外科,224-200003586
肾内科门诊,224-200003583
创伤科门诊,227-200003624
儿科门诊,227-200003616
耳鼻喉科门诊,227-200003620
妇科门诊,227-200003615
骨科门诊,227-200003614
口腔科门诊,227-200003617
内科门诊,227-200003623
皮科门诊,227-200003622
外科门诊,227-200003613
眼科门诊,227-200003619
针灸理疗科门诊,227-200003621
中医科门诊,227-200003618
EBHKMZ-耳鼻喉科门诊,229-200003642
XYMZ-眩晕门诊,229-200003643
YYKFMZ-言语康复门诊,229-200003651
FKMZ-妇科门诊,229-200003633
LLKMZ-理疗科门诊,229-200003636
KFPDMZ-康复评定门诊,229-200003641
KQKMZ-口腔科门诊,229-200003635
XHKMZ-消化科门诊,229-200003637
肾内、内分泌,229-200003639
LNNKMZ-老年内科门诊,229-200040070
SJNKMZ-神经内科门诊,229-200003645
XXGNKMZ-心血管内科门诊,229-200003649
SNKMZ-肾内科门诊,229-200041492
NFMKMZ-内分泌科门诊,229-200041494
HXKMZ-呼吸科门诊,229-200042306
SQKFQKMZ-社区康复全科门诊,229-200003640
PWKMZ-普外科门诊,229-200003644
MNWKMZ-泌尿外科门诊,229-200003646
SJWKMZ-神经外科门诊,229-200003647
G1KMZ-骨1科门诊,229-200003652
RXWKMZ-乳腺外科门诊,229-200041496
G2KMZ-骨2科门诊,229-200041498
YKMZ-眼科门诊,229-200003650
ZYYKMZ-中医眼科门诊,229-200003656
ZXYJHKMZ-中西医结合科门诊,229-200003648
ZYZLKFKMZ-中医诊疗康复科门诊,229-200003634
TNKMZ-推拿科门诊,229-200003653
ZYKMZ-中医科门诊,229-200003654
ZJKMZ-针灸科门诊,229-200003655
PFMRKMZ-皮肤美容科门诊,229-200003638
XGJRWKMZ-血管介入外科门诊,229-200040908
YCJKGLMZ-远程健康管理门诊,229-200041502
产科门诊,230-200003670
耳鼻咽喉科门诊,230-200003672
妇科门诊,230-200003669
骨科门诊,230-200003665
呼吸内科门诊,230-200003657
康复医学科,230-200003675
泌尿外科门诊,230-200003667
内分泌科门诊,230-200003662
皮肤科门诊,230-200003676
神经内科门诊,230-200003659
肾内科门诊,230-200003661
普通外科,230-200003668
消化内科门诊,230-200003658
心血管内科门诊,230-200003660
胸外科门诊,230-200003666
眼科门诊,230-200003671
中医科门诊,230-200003674
中西肿瘤门诊,230-200003677
口腔门诊,230-200003673
风湿免疫门诊,230-200041658
肠道门诊,231-200003697
发热门诊,231-200003696
肝炎门诊,231-200003699
结核门诊,231-200003698
儿科门诊,231-200003685
耳鼻喉门诊,231-200003689
口腔科门诊,231-200003700
呼吸内科,231-200003680
肾病内分泌代谢科,231-200003682
消化及血液内科,231-200003683
神经内科,231-200003681
心血管内科,231-200003679
皮肤及整形外科,231-200003695
骨科,231-200003687
综合外科,231-200003691
神经外科,231-200003690
普通外科,231-200003686
中医科门诊,231-200003701
门诊放射科,231-200003702
高血压门诊,231-200003678
妇产科门诊,231-200003692
眼科门诊,231-200003688
急诊科,231-200003694
急诊内科,231-200003693
重症医学科门诊,231-200003684
内科4,232-200003707
妇科,232-200003705
骨伤科1,232-200003703
口腔科,232-200003708
脑病科1,232-200003706
脾胃病诊室,232-200003709
内科2,232-200003711
皮肤科,232-200003710
外科,232-200003704
骨伤科,234-200003723
中医内科,234-200003724
中医肾病,234-200003726
针刀科,234-200003725
中医妇科,234-200003727
内分泌科,235-200003739
心血管病科,235-200003742
肺病科,235-200003731
脑病科,235-200003736
脾胃病科,235-200003738
外科,235-200003741
肛肠科,235-200003733
骨伤科,235-200003734
妇产科,235-200003732
儿科,235-200003730
皮科,235-200003737
眼科,235-200003728
耳鼻喉科,235-200003729
针炙科,235-200003743
推拿科,235-200003740
国医堂,235-200004917
冠心病介入,235-200036110
治未病门诊,235-200041678
内科,237-200003744
外科,237-200003745
儿科,237-200003752
五官科,237-200003749
妇产科,237-200003747
急诊科,237-200003751
口腔科,237-200003748
中医科,237-200003750
皮肤性病科,237-200003746
便秘门诊,239-200003762
炎性肠病门诊,239-200003772
内科门诊,239-200003768
内分泌门诊,239-200041066
心血管内科门诊,239-200041070
大肠肛门外科,239-200003764
大肠肛门外科特需,239-200003765
小儿肛肠外科,239-200040158
肛肠疾病整形修复门诊,239-200041646
骨科门诊,239-200003766
结直肠肛门肿瘤门诊,239-200041072
炎症性肠病(外科)门诊,239-200041152
推拿按摩门诊,239-200041162
眼科门诊,239-200003771
针灸科门诊,239-200003773
口腔科门诊,239-200003767
妇科门诊,239-200003763
更年期专病门诊,239-200041050
中医科门诊,239-200003774
失眠专病门诊,239-200041056
肛瘘术后调理专病门诊,239-200041058
胃炎专病门诊,239-200041060
耳鼻咽喉门诊,239-200003770
耳聋耳鸣专病门诊,239-200041062
干眼症专病门诊,239-200041194
皮科门诊,239-200003769
肛周瘙痒专病门诊,239-200041064
疼痛科门诊,239-200041048
健康体检,239-200041088
健康证体检,239-200041086
放射科,239-200041650
内镜下诊治,239-200041652
超声科,239-200041654
病理科,239-200041656
儿科,240-200003777
产科,240-200003775
妇科,240-200003776
外科,240-200003779
疼痛科,240-200003778
儿科专家门诊,241-200044538
儿科诊疗中心门诊,241-200003781
骨二科门诊,241-200044554
骨一科门诊,241-200044558
骨三科门诊,241-200044562
骨二科专家门诊,241-200044564
骨三科专家门诊,241-200044566
骨一科专家门诊,241-200044568
碎石科门诊,241-200044608
外科专家门诊,241-200044620
外科门诊,241-200003785
产科专家门诊,241-200044536
产科门诊,241-200003783
计划生育门诊,241-200044550
口腔科门诊,241-200044584
口腔科专家门诊,241-200044586
妇科门诊,241-200044544
妇科专家门诊,241-200044546
精神科门诊,241-200044582
失眠抑郁专家门诊,241-200044604
眼科专家门诊,241-200044622
眼科门诊,241-200003782
耳鼻喉科门诊,241-200044540
耳鼻喉科专家门诊,241-200044542
国医馆普通号,241-200044570
针灸科门诊,241-200044572
治未病中心,241-200044574
国医馆专家门诊,241-200044576
针灸科专家门诊,241-200044578
疼痛科门诊,241-200044612
疼痛科专家门诊,241-200044616
呼吸科专家门诊,241-200003788
肝病门诊,241-200044548
肝病专家门诊,241-200044552
肝脾胃病科门诊,241-200044556
肝脾胃病科专家门诊,241-200044560
呼吸科门诊,241-200044580
脑病科门诊,241-200044588
脑病科专家门诊,241-200044590
内分泌科门诊,241-200044592
内分泌科专家门诊,241-200044594
肾内科门诊,241-200044598
肾内科专家门诊,241-200044600
心功能不全门诊,241-200044602
心功能不全专家门诊,241-200044606
心内科门诊,241-200044610
心内科专家门诊,241-200044614
肿瘤科专家门诊,241-200044618
皮肤科门诊,241-200044596
综合门诊,244-200003807
精神科,244-200003808
内三科门诊,247-200003810
内二科门诊,247-200003809
外二科门诊,247-200003812
外一科门诊,247-200003811
心血管门诊,249-200003820
神经内科,249-200003821
呼吸内科,249-200003823
内分泌科,249-200003822
中医科,249-200003819
外科,249-200003817
妇科,249-200003818
儿科,249-200003816
眼科,249-200003815
耳鼻喉科,249-200003813
口腔科,249-200003814
产科主任医师门诊,275-200041940
产科副主任医师门诊,275-200039960
妇科主任医师门诊,275-200039958
妇科副主任医师门诊,275-200039962
产科普通门诊,275-200040174
妇科普通门诊,275-200040176
妇科知名专家,275-200040178
神经内科,790-200040918
消化内科,790-200040920
心脏内科,790-200040924
血液肿瘤科,790-200041448
内分泌与代谢科,790-200040938
血液内科,790-200040940
肾脏内科,790-200040942
呼吸内科,790-200040948
肿瘤内科,790-200040958
肝胆内科,790-200040974
全科医学科,790-200041452
普内科,790-200040944
美容皮肤科,790-200042204
美容外科,790-200042206
胃肠外科,790-200041446
肝胆介入科,790-200041450
普通外科,790-200040934
骨科,790-200040980
肝胆胰外科,790-200040930
泌尿外科,790-200040962
神经外科,790-200040928
血管外科,790-200040956
胸腔外科,790-200040952
整形外科,790-200040970
心脏外科,790-200040922
疼痛治疗科,790-200040964
医疗美容科,790-200040950
妇科,790-200040926
产科,790-200040978
儿科,790-200040932
耳鼻咽喉头颈外科,790-200040936
眼科,790-200040954
皮肤科,790-200040972
康复医学科,790-200040960
中医科,790-200040916
临床营养科,790-200040976
放射治疗科,790-200040946
超声科(介入),790-200040982
放射诊断科(介入),790-200040968
全科医疗科,797-200045086
中医科,797-200045088
口腔科,797-200045090
康复科,797-200045092
